day,blocks,distinct_slots,dup_rows,slot_span,slot_fill,slots_missing_before_day
2025-01-01,210077.0,210077.0,0.0,211456.0,0.9935,
2025-01-02,208398.0,208398.0,0.0,210366.0,0.9906,0.0
2025-01-03,207808.0,207808.0,0.0,209560.0,0.9916,0.0
2025-01-04,208068.0,208068.0,0.0,209977.0,0.9909,0.0
2025-01-05,207504.0,207504.0,0.0,209578.0,0.9901,0.0
2025-01-06,210562.0,210562.0,0.0,211682.0,0.9947,0.0
2025-01-07,209396.0,209396.0,0.0,210802.0,0.9933,0.0
2025-01-08,210825.0,210825.0,0.0,211867.0,0.9951,0.0
2025-01-09,209369.0,209369.0,0.0,210881.0,0.9928,0.0
2025-01-10,211536.0,211536.0,0.0,212667.0,0.9947,0.0
2025-01-11,210810.0,210810.0,0.0,212306.0,0.993,0.0
2025-01-12,211702.0,211702.0,0.0,212595.0,0.9958,0.0
2025-01-13,211465.0,211465.0,0.0,212804.0,0.9937,0.0
2025-01-14,211442.0,211442.0,0.0,212651.0,0.9943,0.0
2025-01-15,210421.0,210421.0,0.0,212109.0,0.992,0.0
2025-01-16,209614.0,209614.0,0.0,211684.0,0.9902,0.0
2025-01-17,209596.0,209596.0,0.0,211271.0,0.9921,0.0
2025-01-18,214156.0,214156.0,0.0,214974.0,0.9962,0.0
2025-01-19,211309.0,211309.0,0.0,212207.0,0.9958,0.0
2025-01-20,211344.0,211344.0,0.0,212228.0,0.9958,0.0
2025-01-21,210718.0,210718.0,0.0,211731.0,0.9952,0.0
2025-01-22,211450.0,211450.0,0.0,212452.0,0.9953,0.0
2025-01-23,210221.0,210221.0,0.0,211421.0,0.9943,0.0
2025-01-24,211824.0,211824.0,0.0,212928.0,0.9948,0.0
2025-01-25,211827.0,211827.0,0.0,213391.0,0.9927,0.0
2025-01-26,212713.0,212713.0,0.0,213977.0,0.9941,0.0
2025-01-27,212324.0,212324.0,0.0,213553.0,0.9942,0.0
2025-01-28,213889.0,213889.0,0.0,214968.0,0.995,0.0
2025-01-29,213031.0,213031.0,0.0,214558.0,0.9929,0.0
2025-01-30,211941.0,211941.0,0.0,213375.0,0.9933,0.0
2025-01-31,213054.0,213054.0,0.0,214350.0,0.994,0.0
2025-02-01,214088.0,214088.0,0.0,214965.0,0.9959,0.0
2025-02-02,214432.0,214432.0,0.0,215302.0,0.996,0.0
2025-02-03,214558.0,214558.0,0.0,215506.0,0.9956,0.0
2025-02-04,214724.0,214724.0,0.0,216221.0,0.9931,0.0
2025-02-05,215867.0,215867.0,0.0,216922.0,0.9951,0.0
2025-02-06,217723.0,217723.0,0.0,218485.0,0.9965,0.0
2025-02-07,217065.0,217065.0,0.0,217795.0,0.9966,0.0
2025-02-08,216653.0,216653.0,0.0,217757.0,0.9949,0.0
2025-02-09,217375.0,217375.0,0.0,217858.0,0.9978,0.0
2025-02-10,216893.0,216893.0,0.0,217767.0,0.996,0.0
2025-02-11,217076.0,217076.0,0.0,218376.0,0.994,0.0
2025-02-12,217354.0,217354.0,0.0,218015.0,0.997,0.0
2025-02-13,217212.0,217212.0,0.0,217916.0,0.9968,0.0
2025-02-14,216652.0,216652.0,0.0,217948.0,0.9941,0.0
2025-02-15,217710.0,217710.0,0.0,218190.0,0.9978,0.0
2025-02-16,217150.0,217150.0,0.0,217790.0,0.9971,0.0
2025-02-17,217216.0,217216.0,0.0,217738.0,0.9976,0.0
2025-02-18,217591.0,217591.0,0.0,218036.0,0.998,0.0
2025-02-19,217807.0,217807.0,0.0,218177.0,0.9983,0.0
2025-02-20,217481.0,217481.0,0.0,218025.0,0.9975,0.0
2025-02-21,217411.0,217411.0,0.0,218394.0,0.9955,0.0
2025-02-22,218002.0,218002.0,0.0,218264.0,0.9988,0.0
2025-02-23,217952.0,217952.0,0.0,218179.0,0.999,0.0
2025-02-24,217824.0,217824.0,0.0,218299.0,0.9978,0.0
2025-02-25,217491.0,217491.0,0.0,218322.0,0.9962,0.0
2025-02-26,217437.0,217437.0,0.0,218159.0,0.9967,0.0
2025-02-27,217679.0,217679.0,0.0,218393.0,0.9967,0.0
2025-02-28,217664.0,217664.0,0.0,218048.0,0.9982,0.0
2025-03-01,218389.0,218389.0,0.0,218676.0,0.9987,0.0
2025-03-02,218056.0,218056.0,0.0,218230.0,0.9992,0.0
2025-03-03,217891.0,217891.0,0.0,218248.0,0.9984,0.0
2025-03-04,217122.0,217122.0,0.0,217756.0,0.9971,0.0
2025-03-05,217319.0,217319.0,0.0,217672.0,0.9984,0.0
2025-03-06,217098.0,217098.0,0.0,217663.0,0.9974,0.0
2025-03-07,216848.0,216848.0,0.0,217516.0,0.9969,0.0
2025-03-08,217184.0,217184.0,0.0,217516.0,0.9985,0.0
2025-03-09,217313.0,217313.0,0.0,217598.0,0.9987,0.0
2025-03-10,217098.0,217098.0,0.0,217664.0,0.9974,0.0
2025-03-11,214970.0,214970.0,0.0,217635.0,0.9878,0.0
2025-03-12,217857.0,217857.0,0.0,218308.0,0.9979,0.0
2025-03-13,217254.0,217254.0,0.0,217897.0,0.997,0.0
2025-03-14,216641.0,216641.0,0.0,217071.0,0.998,0.0
2025-03-15,216538.0,216538.0,0.0,216888.0,0.9984,0.0
2025-03-16,215962.0,215962.0,0.0,216920.0,0.9956,0.0
2025-03-17,215792.0,215792.0,0.0,216551.0,0.9965,0.0
2025-03-18,215577.0,215577.0,0.0,216272.0,0.9968,0.0
2025-03-19,215153.0,215153.0,0.0,216059.0,0.9958,0.0
2025-03-20,215209.0,215209.0,0.0,215915.0,0.9967,0.0
2025-03-21,215535.0,215535.0,0.0,216358.0,0.9962,0.0
2025-03-22,215773.0,215773.0,0.0,216303.0,0.9975,0.0
2025-03-23,215718.0,215718.0,0.0,216264.0,0.9975,0.0
2025-03-24,215146.0,215146.0,0.0,216094.0,0.9956,0.0
2025-03-25,216149.0,216149.0,0.0,216746.0,0.9972,0.0
2025-03-26,215785.0,215785.0,0.0,216407.0,0.9971,0.0
2025-03-27,215912.0,215912.0,0.0,216743.0,0.9962,0.0
2025-03-28,214458.0,214458.0,0.0,216363.0,0.9912,0.0
2025-03-29,215280.0,215280.0,0.0,215889.0,0.9972,0.0
2025-03-30,215111.0,215111.0,0.0,215474.0,0.9983,0.0
2025-03-31,214548.0,214548.0,0.0,215251.0,0.9967,0.0
2025-04-01,212496.0,212496.0,0.0,213172.0,0.9968,0.0
2025-04-02,215408.0,215408.0,0.0,215899.0,0.9977,0.0
2025-04-03,215389.0,215389.0,0.0,216089.0,0.9968,0.0
2025-04-04,215910.0,215910.0,0.0,216469.0,0.9974,0.0
2025-04-05,215868.0,215868.0,0.0,216245.0,0.9983,0.0
2025-04-06,216032.0,216032.0,0.0,216500.0,0.9978,0.0
2025-04-07,216207.0,216207.0,0.0,216613.0,0.9981,0.0
2025-04-08,216412.0,216412.0,0.0,217050.0,0.9971,0.0
2025-04-09,216461.0,216461.0,0.0,217166.0,0.9968,0.0
2025-04-10,216639.0,216639.0,0.0,217279.0,0.9971,0.0
2025-04-11,216486.0,216486.0,0.0,216897.0,0.9981,0.0
2025-04-12,216522.0,216522.0,0.0,217087.0,0.9974,0.0
2025-04-13,217008.0,217008.0,0.0,217249.0,0.9989,0.0
2025-04-14,216061.0,216061.0,0.0,216692.0,0.9971,0.0
2025-04-15,216409.0,216409.0,0.0,216972.0,0.9974,0.0
2025-04-16,215720.0,215720.0,0.0,216540.0,0.9962,0.0
2025-04-17,215519.0,215519.0,0.0,216906.0,0.9936,0.0
2025-04-18,217755.0,217755.0,0.0,219003.0,0.9943,0.0
2025-04-19,218427.0,218427.0,0.0,218833.0,0.9981,0.0
2025-04-20,218193.0,218193.0,0.0,218714.0,0.9976,0.0
2025-04-21,218099.0,218099.0,0.0,218737.0,0.9971,0.0
2025-04-22,217485.0,217485.0,0.0,218282.0,0.9963,0.0
2025-04-23,217308.0,217308.0,0.0,217795.0,0.9978,0.0
2025-04-24,217197.0,217197.0,0.0,217710.0,0.9976,0.0
2025-04-25,217588.0,217588.0,0.0,218072.0,0.9978,0.0
2025-04-26,217808.0,217808.0,0.0,218317.0,0.9977,0.0
2025-04-27,217824.0,217824.0,0.0,218284.0,0.9979,0.0
2025-04-28,217285.0,217285.0,0.0,217922.0,0.9971,0.0
2025-04-29,217680.0,217680.0,0.0,218417.0,0.9966,0.0
2025-04-30,217939.0,217939.0,0.0,218565.0,0.9971,0.0
2025-05-01,216112.0,216112.0,0.0,218104.0,0.9909,0.0
2025-05-02,218599.0,218599.0,0.0,219440.0,0.9962,0.0
2025-05-03,218616.0,218616.0,0.0,219232.0,0.9972,0.0
2025-05-04,218979.0,218979.0,0.0,219548.0,0.9974,0.0
2025-05-05,218782.0,218782.0,0.0,219450.0,0.997,0.0
2025-05-06,217860.0,217860.0,0.0,218702.0,0.9962,0.0
2025-05-07,217189.0,217189.0,0.0,218178.0,0.9955,0.0
2025-05-08,217404.0,217404.0,0.0,218276.0,0.996,0.0
2025-05-09,218332.0,218332.0,0.0,219160.0,0.9962,0.0
2025-05-10,217615.0,217615.0,0.0,219464.0,0.9916,0.0
2025-05-11,217890.0,217890.0,0.0,218917.0,0.9953,0.0
2025-05-12,218363.0,218363.0,0.0,219062.0,0.9968,0.0
2025-05-13,216186.0,216186.0,0.0,217601.0,0.9935,0.0
2025-05-14,216106.0,216106.0,0.0,217331.0,0.9944,0.0
2025-05-15,216864.0,216864.0,0.0,218193.0,0.9939,0.0
2025-05-16,217822.0,217822.0,0.0,218599.0,0.9964,0.0
2025-05-17,218027.0,218027.0,0.0,218606.0,0.9974,0.0
2025-05-18,218378.0,218378.0,0.0,218676.0,0.9986,0.0
2025-05-19,218279.0,218279.0,0.0,218516.0,0.9989,0.0
2025-05-20,218461.0,218461.0,0.0,218739.0,0.9987,0.0
2025-05-21,218411.0,218411.0,0.0,218721.0,0.9986,0.0
2025-05-22,217947.0,217947.0,0.0,218698.0,0.9966,0.0
2025-05-23,218244.0,218244.0,0.0,218737.0,0.9977,0.0
2025-05-24,218989.0,218989.0,0.0,219169.0,0.9992,0.0
2025-05-25,218886.0,218886.0,0.0,219202.0,0.9986,0.0
2025-05-26,218982.0,218982.0,0.0,219385.0,0.9982,0.0
2025-05-27,219755.0,219755.0,0.0,219916.0,0.9993,0.0
2025-05-28,219013.0,219013.0,0.0,219443.0,0.998,0.0
2025-05-29,218742.0,218742.0,0.0,219278.0,0.9976,0.0
2025-05-30,218843.0,218843.0,0.0,219294.0,0.9979,0.0
2025-05-31,219386.0,219386.0,0.0,219548.0,0.9993,0.0
2025-06-01,218820.0,218820.0,0.0,219678.0,0.9961,0.0
2025-06-02,219499.0,219499.0,0.0,219758.0,0.9988,0.0
2025-06-03,219681.0,219681.0,0.0,219943.0,0.9988,0.0
2025-06-04,219608.0,219608.0,0.0,219907.0,0.9986,0.0
2025-06-05,219412.0,219412.0,0.0,220005.0,0.9973,0.0
2025-06-06,219567.0,219567.0,0.0,220085.0,0.9976,0.0
2025-06-07,218877.0,218877.0,0.0,219222.0,0.9984,0.0
2025-06-08,217533.0,217533.0,0.0,217868.0,0.9985,0.0
2025-06-09,217110.0,217110.0,0.0,218134.0,0.9953,0.0
2025-06-10,216828.0,216828.0,0.0,217596.0,0.9965,0.0
2025-06-11,215314.0,215314.0,0.0,215736.0,0.998,0.0
2025-06-12,215265.0,215265.0,0.0,215620.0,0.9984,0.0
2025-06-13,215050.0,215050.0,0.0,215522.0,0.9978,0.0
2025-06-14,214787.0,214787.0,0.0,215991.0,0.9944,4.0
2025-06-15,215604.0,215604.0,0.0,216014.0,0.9981,0.0
2025-06-16,215566.0,215566.0,0.0,215906.0,0.9984,0.0
2025-06-17,215150.0,215150.0,0.0,215432.0,0.9987,0.0
2025-06-18,215347.0,215347.0,0.0,215665.0,0.9985,0.0
2025-06-19,214218.0,214218.0,0.0,215302.0,0.995,0.0
2025-06-20,214522.0,214522.0,0.0,215046.0,0.9976,0.0
2025-06-21,214215.0,214215.0,0.0,214554.0,0.9984,0.0
2025-06-22,214372.0,214372.0,0.0,214684.0,0.9985,0.0
2025-06-23,214289.0,214289.0,0.0,214653.0,0.9983,0.0
2025-06-24,214267.0,214267.0,0.0,214538.0,0.9987,0.0
2025-06-25,215358.0,215358.0,0.0,215636.0,0.9987,0.0
2025-06-26,215657.0,215657.0,0.0,216189.0,0.9975,0.0
2025-06-27,216351.0,216351.0,0.0,216872.0,0.9976,0.0
2025-06-28,217164.0,217164.0,0.0,217553.0,0.9982,0.0
2025-06-29,217833.0,217833.0,0.0,218089.0,0.9988,0.0
2025-06-30,217918.0,217918.0,0.0,218314.0,0.9982,0.0
2025-07-01,218037.0,218037.0,0.0,218450.0,0.9981,0.0
2025-07-02,217791.0,217791.0,0.0,218148.0,0.9984,0.0
2025-07-03,218567.0,218567.0,0.0,218946.0,0.9983,0.0
2025-07-04,218659.0,218659.0,0.0,218975.0,0.9986,0.0
2025-07-05,216983.0,216983.0,0.0,217293.0,0.9986,0.0
2025-07-06,216974.0,216974.0,0.0,217153.0,0.9992,0.0
2025-07-07,216797.0,216797.0,0.0,217014.0,0.999,0.0
2025-07-08,216568.0,216568.0,0.0,216948.0,0.9982,0.0
2025-07-09,218129.0,218129.0,0.0,218661.0,0.9976,0.0
2025-07-10,218085.0,218085.0,0.0,218578.0,0.9977,0.0
2025-07-11,217931.0,217931.0,0.0,218306.0,0.9983,0.0
2025-07-12,217581.0,217581.0,0.0,218313.0,0.9966,0.0
2025-07-13,218389.0,218389.0,0.0,218526.0,0.9994,0.0
2025-07-14,217899.0,217899.0,0.0,218188.0,0.9987,0.0
2025-07-15,217249.0,217249.0,0.0,218183.0,0.9957,0.0
2025-07-16,217888.0,217888.0,0.0,218419.0,0.9976,0.0
2025-07-17,217881.0,217881.0,0.0,218144.0,0.9988,0.0
2025-07-18,217961.0,217961.0,0.0,218327.0,0.9983,0.0
2025-07-19,218298.0,218298.0,0.0,218491.0,0.9991,0.0
2025-07-20,218353.0,218353.0,0.0,218530.0,0.9992,0.0
2025-07-21,218017.0,218017.0,0.0,218204.0,0.9991,0.0
2025-07-22,218167.0,218167.0,0.0,218515.0,0.9984,0.0
2025-07-23,216826.0,216826.0,0.0,217590.0,0.9965,0.0
2025-07-24,217357.0,217357.0,0.0,217643.0,0.9987,0.0
2025-07-25,215865.0,215865.0,0.0,216373.0,0.9977,0.0
2025-07-26,217047.0,217047.0,0.0,217349.0,0.9986,4.0
2025-07-27,216137.0,216137.0,0.0,216633.0,0.9977,0.0
2025-07-28,215860.0,215860.0,0.0,216338.0,0.9978,0.0
2025-07-29,215564.0,215564.0,0.0,216031.0,0.9978,0.0
2025-07-30,216229.0,216229.0,0.0,216541.0,0.9986,0.0
2025-07-31,216613.0,216613.0,0.0,216863.0,0.9988,0.0
2025-08-01,217229.0,217229.0,0.0,217580.0,0.9984,0.0
2025-08-02,217246.0,217246.0,0.0,217712.0,0.9979,0.0
2025-08-03,217986.0,217986.0,0.0,218201.0,0.999,0.0
2025-08-04,217109.0,217109.0,0.0,217533.0,0.9981,0.0
2025-08-05,215040.0,215040.0,0.0,217227.0,0.9899,0.0
2025-08-06,194223.0,194223.0,0.0,216625.0,0.8966,0.0
2025-08-07,204651.0,204651.0,0.0,216718.0,0.9443,0.0
2025-08-08,216813.0,216813.0,0.0,217244.0,0.998,0.0
2025-08-09,216854.0,216854.0,0.0,217196.0,0.9984,0.0
2025-08-10,203165.0,203165.0,0.0,220981.0,0.9194,0.0
2025-08-11,197128.0,197128.0,0.0,220691.0,0.8932,0.0
2025-08-12,219855.0,219855.0,0.0,220123.0,0.9988,0.0
2025-08-13,217742.0,217742.0,0.0,218857.0,0.9949,0.0
2025-08-14,218448.0,218448.0,0.0,218981.0,0.9976,0.0
2025-08-15,219468.0,219468.0,0.0,219841.0,0.9983,0.0
2025-08-16,219358.0,219358.0,0.0,219927.0,0.9974,0.0
2025-08-17,219483.0,219483.0,0.0,220076.0,0.9973,0.0
2025-08-18,219571.0,219571.0,0.0,220003.0,0.998,0.0
2025-08-19,219133.0,219133.0,0.0,219530.0,0.9982,0.0
2025-08-20,218999.0,218999.0,0.0,219384.0,0.9982,0.0
2025-08-21,218784.0,218784.0,0.0,219235.0,0.9979,0.0
2025-08-22,219042.0,219042.0,0.0,219341.0,0.9986,0.0
2025-08-23,219207.0,219207.0,0.0,219444.0,0.9989,0.0
2025-08-24,219395.0,219395.0,0.0,219588.0,0.9991,0.0
2025-08-25,218860.0,218860.0,0.0,219129.0,0.9988,0.0
2025-08-26,219180.0,219180.0,0.0,219418.0,0.9989,0.0
2025-08-27,219148.0,219148.0,0.0,219417.0,0.9988,0.0
2025-08-28,218547.0,218547.0,0.0,219020.0,0.9978,0.0
2025-08-29,218194.0,218194.0,0.0,218744.0,0.9975,0.0
2025-08-30,218550.0,218550.0,0.0,218758.0,0.999,0.0
2025-08-31,218138.0,218138.0,0.0,218695.0,0.9975,0.0
2025-09-01,218134.0,218134.0,0.0,218441.0,0.9986,0.0
2025-09-02,217913.0,217913.0,0.0,218255.0,0.9984,0.0
2025-09-03,217948.0,217948.0,0.0,218217.0,0.9988,0.0
2025-09-04,217482.0,217482.0,0.0,217817.0,0.9985,3.0
2025-09-05,216440.0,216440.0,0.0,216774.0,0.9985,0.0
2025-09-06,214750.0,214750.0,0.0,215032.0,0.9987,0.0
2025-09-07,214716.0,214716.0,0.0,214967.0,0.9988,0.0
2025-09-08,214658.0,214658.0,0.0,215067.0,0.9981,0.0
2025-09-09,214941.0,214941.0,0.0,215117.0,0.9992,0.0
2025-09-10,215082.0,215082.0,0.0,215445.0,0.9983,0.0
2025-09-11,215582.0,215582.0,0.0,215841.0,0.9988,0.0
2025-09-12,217977.0,217977.0,0.0,218301.0,0.9985,0.0
2025-09-13,218955.0,218955.0,0.0,219144.0,0.9991,0.0
2025-09-14,218876.0,218876.0,0.0,219136.0,0.9988,0.0
2025-09-15,218760.0,218760.0,0.0,218958.0,0.9991,0.0
2025-09-16,218679.0,218679.0,0.0,218926.0,0.9989,0.0
2025-09-17,218280.0,218280.0,0.0,218472.0,0.9991,0.0
2025-09-18,218266.0,218266.0,0.0,218404.0,0.9994,0.0
2025-09-19,218148.0,218148.0,0.0,218295.0,0.9993,0.0
2025-09-20,218207.0,218207.0,0.0,218272.0,0.9997,0.0
2025-09-21,218227.0,218227.0,0.0,218386.0,0.9993,0.0
2025-09-22,217550.0,217550.0,0.0,217908.0,0.9984,0.0
2025-09-23,217428.0,217428.0,0.0,217638.0,0.999,0.0
2025-09-24,217577.0,217577.0,0.0,217760.0,0.9992,0.0
2025-09-25,218267.0,218267.0,0.0,218386.0,0.9995,0.0
2025-09-26,218484.0,218484.0,0.0,218576.0,0.9996,0.0
2025-09-27,218404.0,218404.0,0.0,218518.0,0.9995,0.0
2025-09-28,218373.0,218373.0,0.0,218450.0,0.9996,0.0
2025-09-29,217924.0,217924.0,0.0,218158.0,0.9989,0.0
2025-09-30,218213.0,218213.0,0.0,218617.0,0.9982,0.0
2025-10-01,218737.0,218737.0,0.0,218886.0,0.9993,0.0
2025-10-02,218595.0,218595.0,0.0,218796.0,0.9991,0.0
2025-10-03,218324.0,218324.0,0.0,218437.0,0.9995,0.0
2025-10-04,218316.0,218316.0,0.0,218447.0,0.9994,0.0
2025-10-05,218508.0,218508.0,0.0,218632.0,0.9994,0.0
2025-10-06,217978.0,217978.0,0.0,218215.0,0.9989,0.0
2025-10-07,217574.0,217574.0,0.0,217911.0,0.9985,0.0
2025-10-08,218060.0,218060.0,0.0,218334.0,0.9987,0.0
2025-10-09,218032.0,218032.0,0.0,218202.0,0.9992,0.0
2025-10-10,217174.0,217174.0,0.0,217566.0,0.9982,0.0
2025-10-11,217126.0,217126.0,0.0,217416.0,0.9987,0.0
2025-10-12,217250.0,217250.0,0.0,217476.0,0.999,0.0
2025-10-13,217462.0,217462.0,0.0,217621.0,0.9993,0.0
2025-10-14,217038.0,217038.0,0.0,217419.0,0.9982,0.0
2025-10-15,216847.0,216847.0,0.0,217572.0,0.9967,0.0
2025-10-16,217249.0,217249.0,0.0,217545.0,0.9986,0.0
2025-10-17,217113.0,217113.0,0.0,217265.0,0.9993,0.0
2025-10-18,217148.0,217148.0,0.0,217265.0,0.9995,0.0
2025-10-19,217091.0,217091.0,0.0,217198.0,0.9995,0.0
2025-10-20,216588.0,216588.0,0.0,216739.0,0.9993,0.0
2025-10-21,216547.0,216547.0,0.0,216798.0,0.9988,0.0
2025-10-22,216780.0,216780.0,0.0,217078.0,0.9986,0.0
2025-10-23,216774.0,216774.0,0.0,217153.0,0.9983,0.0
2025-10-24,216901.0,216901.0,0.0,217536.0,0.9971,0.0
2025-10-25,217408.0,217408.0,0.0,217707.0,0.9986,0.0
2025-10-26,216841.0,216841.0,0.0,217559.0,0.9967,4.0
2025-10-27,216380.0,216380.0,0.0,217812.0,0.9934,0.0
2025-10-28,216966.0,216966.0,0.0,217513.0,0.9975,0.0
2025-10-29,216757.0,216757.0,0.0,217069.0,0.9986,0.0
2025-10-30,214827.0,214827.0,0.0,215240.0,0.9981,0.0
2025-10-31,213527.0,213527.0,0.0,214300.0,0.9964,0.0
2025-11-01,215095.0,215095.0,0.0,215664.0,0.9974,0.0
2025-11-02,215247.0,215247.0,0.0,215789.0,0.9975,0.0
2025-11-03,214774.0,214774.0,0.0,215481.0,0.9967,0.0
2025-11-04,214408.0,214408.0,0.0,215395.0,0.9954,0.0
2025-11-05,215285.0,215285.0,0.0,215592.0,0.9986,0.0
2025-11-06,215716.0,215716.0,0.0,215909.0,0.9991,0.0
2025-11-07,215145.0,215145.0,0.0,215669.0,0.9976,0.0
2025-11-08,215810.0,215810.0,0.0,215962.0,0.9993,0.0
2025-11-09,215741.0,215741.0,0.0,216050.0,0.9986,0.0
2025-11-10,215374.0,215374.0,0.0,215652.0,0.9987,0.0
2025-11-11,215537.0,215537.0,0.0,215991.0,0.9979,0.0
2025-11-12,214448.0,214448.0,0.0,215059.0,0.9972,0.0
2025-11-13,215190.0,215190.0,0.0,215484.0,0.9986,0.0
2025-11-14,215364.0,215364.0,0.0,215699.0,0.9984,0.0
2025-11-15,217086.0,217086.0,0.0,217451.0,0.9983,0.0
2025-11-16,216973.0,216973.0,0.0,217123.0,0.9993,0.0
2025-11-17,217187.0,217187.0,0.0,217426.0,0.9989,0.0
2025-11-18,217283.0,217283.0,0.0,217555.0,0.9987,0.0
2025-11-19,217341.0,217341.0,0.0,217480.0,0.9994,0.0
2025-11-20,217527.0,217527.0,0.0,217735.0,0.999,0.0
2025-11-21,217708.0,217708.0,0.0,218099.0,0.9982,0.0
2025-11-22,218467.0,218467.0,0.0,218634.0,0.9992,0.0
2025-11-23,218639.0,218639.0,0.0,218824.0,0.9992,0.0
2025-11-24,218284.0,218284.0,0.0,218502.0,0.999,0.0
2025-11-25,220291.0,220291.0,0.0,220608.0,0.9986,0.0
2025-11-26,222013.0,222013.0,0.0,222241.0,0.999,0.0
2025-11-27,222632.0,222632.0,0.0,222785.0,0.9993,0.0
2025-11-28,222720.0,222720.0,0.0,222855.0,0.9994,0.0
2025-11-29,222284.0,222284.0,0.0,222635.0,0.9984,0.0
2025-11-30,222216.0,222216.0,0.0,222529.0,0.9986,0.0
2025-12-01,221642.0,221642.0,0.0,222357.0,0.9968,0.0
2025-12-02,221587.0,221587.0,0.0,222199.0,0.9972,0.0
2025-12-03,221612.0,221612.0,0.0,222200.0,0.9974,0.0
2025-12-04,221843.0,221843.0,0.0,222378.0,0.9976,0.0
2025-12-05,221825.0,221825.0,0.0,222240.0,0.9981,0.0
2025-12-06,221058.0,221058.0,0.0,221641.0,0.9974,0.0
2025-12-07,221174.0,221174.0,0.0,221344.0,0.9992,0.0
2025-12-08,221100.0,221100.0,0.0,221328.0,0.999,0.0
2025-12-09,221161.0,221161.0,0.0,221348.0,0.9992,0.0
2025-12-10,221195.0,221195.0,0.0,221474.0,0.9987,0.0
2025-12-11,221369.0,221369.0,0.0,221518.0,0.9993,0.0
2025-12-12,221572.0,221572.0,0.0,221793.0,0.999,0.0
2025-12-13,221715.0,221715.0,0.0,221877.0,0.9993,0.0
2025-12-14,221555.0,221555.0,0.0,221680.0,0.9994,0.0
2025-12-15,221763.0,221763.0,0.0,221933.0,0.9992,0.0
2025-12-16,221306.0,221306.0,0.0,221536.0,0.999,0.0
2025-12-17,220867.0,220867.0,0.0,221092.0,0.999,0.0
2025-12-18,220679.0,220679.0,0.0,220787.0,0.9995,0.0
2025-12-19,220732.0,220732.0,0.0,220840.0,0.9995,0.0
2025-12-20,220576.0,220576.0,0.0,220726.0,0.9993,0.0
2025-12-21,220423.0,220423.0,0.0,220602.0,0.9992,0.0
2025-12-22,220130.0,220130.0,0.0,220256.0,0.9994,0.0
2025-12-23,219805.0,219805.0,0.0,219999.0,0.9991,0.0
2025-12-24,219840.0,219840.0,0.0,219994.0,0.9993,0.0
2025-12-25,219978.0,219978.0,0.0,220034.0,0.9997,0.0
2025-12-26,219757.0,219757.0,0.0,220092.0,0.9985,0.0
2025-12-27,219540.0,219540.0,0.0,219761.0,0.999,0.0
2025-12-28,219993.0,219993.0,0.0,220246.0,0.9989,0.0
2025-12-29,219017.0,219017.0,0.0,219777.0,0.9965,0.0
2025-12-30,217994.0,217994.0,0.0,218400.0,0.9981,0.0
2025-12-31,219689.0,219689.0,0.0,219787.0,0.9996,0.0
2026-01-01,219823.0,219823.0,0.0,219921.0,0.9996,0.0
2026-01-02,219438.0,219438.0,0.0,219688.0,0.9989,0.0
2026-01-03,218950.0,218950.0,0.0,219100.0,0.9993,0.0
2026-01-04,216074.0,216074.0,0.0,216439.0,0.9983,0.0
2026-01-05,217938.0,217938.0,0.0,218048.0,0.9995,0.0
2026-01-06,216668.0,216668.0,0.0,217001.0,0.9985,0.0
2026-01-07,216868.0,216868.0,0.0,217092.0,0.999,0.0
2026-01-08,216646.0,216646.0,0.0,217129.0,0.9978,0.0
2026-01-09,216918.0,216918.0,0.0,217857.0,0.9957,0.0
2026-01-10,217423.0,217423.0,0.0,218477.0,0.9952,0.0
2026-01-11,214912.0,214912.0,0.0,219263.0,0.9802,0.0
2026-01-12,218029.0,218029.0,0.0,219439.0,0.9936,0.0
2026-01-13,218315.0,218315.0,0.0,219142.0,0.9962,0.0
2026-01-14,219472.0,219472.0,0.0,219970.0,0.9977,0.0
2026-01-15,218097.0,218097.0,0.0,218358.0,0.9988,0.0
2026-01-16,218047.0,218047.0,0.0,218424.0,0.9983,0.0
2026-01-17,218102.0,218102.0,0.0,218351.0,0.9989,0.0
2026-01-18,217951.0,217951.0,0.0,218178.0,0.999,0.0
2026-01-19,217180.0,217180.0,0.0,217525.0,0.9984,0.0
2026-01-20,216775.0,216775.0,0.0,217057.0,0.9987,0.0
2026-01-21,216839.0,216839.0,0.0,217253.0,0.9981,0.0
2026-01-22,215979.0,215979.0,0.0,216438.0,0.9979,0.0
2026-01-23,215972.0,215972.0,0.0,216369.0,0.9982,0.0
2026-01-24,215505.0,215505.0,0.0,216236.0,0.9966,0.0
2026-01-25,214173.0,214173.0,0.0,215218.0,0.9951,0.0
2026-01-26,214664.0,214664.0,0.0,215285.0,0.9971,0.0
2026-01-27,214196.0,214196.0,0.0,214960.0,0.9964,0.0
2026-01-28,214491.0,214491.0,0.0,215716.0,0.9943,0.0
2026-01-29,215067.0,215067.0,0.0,215943.0,0.9959,0.0
2026-01-30,215547.0,215547.0,0.0,216314.0,0.9965,0.0
2026-01-31,217110.0,217110.0,0.0,217594.0,0.9978,0.0
2026-02-01,217429.0,217429.0,0.0,217860.0,0.998,0.0
2026-02-02,217628.0,217628.0,0.0,218048.0,0.9981,0.0
2026-02-03,217788.0,217788.0,0.0,218142.0,0.9984,0.0
2026-02-04,218260.0,218260.0,0.0,218969.0,0.9968,0.0
2026-02-05,219818.0,219818.0,0.0,220213.0,0.9982,0.0
2026-02-06,219940.0,219940.0,0.0,220333.0,0.9982,0.0
2026-02-07,220095.0,220095.0,0.0,220373.0,0.9987,0.0
2026-02-08,219713.0,219713.0,0.0,220260.0,0.9975,0.0
2026-02-09,219832.0,219832.0,0.0,220296.0,0.9979,0.0
2026-02-10,219123.0,219123.0,0.0,219481.0,0.9984,0.0
2026-02-11,219951.0,219951.0,0.0,220172.0,0.999,0.0
2026-02-12,221035.0,221035.0,0.0,221206.0,0.9992,0.0
2026-02-13,221058.0,221058.0,0.0,221212.0,0.9993,0.0
2026-02-14,221153.0,221153.0,0.0,221258.0,0.9995,0.0
2026-02-15,220833.0,220833.0,0.0,221336.0,0.9977,0.0
2026-02-16,220484.0,220484.0,0.0,220942.0,0.9979,0.0
2026-02-17,219627.0,219627.0,0.0,220019.0,0.9982,0.0
2026-02-18,219651.0,219651.0,0.0,220029.0,0.9983,0.0
2026-02-19,219342.0,219342.0,0.0,219671.0,0.9985,0.0
2026-02-20,219414.0,219414.0,0.0,219628.0,0.999,0.0
2026-02-21,218974.0,218974.0,0.0,219559.0,0.9973,0.0
2026-02-22,219606.0,219606.0,0.0,220191.0,0.9973,0.0
2026-02-23,218800.0,218800.0,0.0,219106.0,0.9986,0.0
2026-02-24,218249.0,218249.0,0.0,218653.0,0.9982,0.0
2026-02-25,217361.0,217361.0,0.0,217670.0,0.9986,0.0
2026-02-26,219028.0,219028.0,0.0,219156.0,0.9994,0.0
2026-02-27,219421.0,219421.0,0.0,219942.0,0.9976,0.0
2026-02-28,218511.0,218511.0,0.0,219090.0,0.9974,0.0
2026-03-01,218444.0,218444.0,0.0,219032.0,0.9973,0.0
2026-03-02,217650.0,217650.0,0.0,218345.0,0.9968,0.0
2026-03-03,218298.0,218298.0,0.0,218593.0,0.9987,0.0
2026-03-04,219334.0,219334.0,0.0,219535.0,0.9991,0.0
2026-03-05,219200.0,219200.0,0.0,219566.0,0.9983,0.0
2026-03-06,218573.0,218573.0,0.0,218895.0,0.9985,0.0
2026-03-07,218304.0,218304.0,0.0,218667.0,0.9983,0.0
2026-03-08,219039.0,219039.0,0.0,219268.0,0.999,0.0
2026-03-09,219202.0,219202.0,0.0,219394.0,0.9991,0.0
2026-03-10,220227.0,220227.0,0.0,220725.0,0.9977,0.0
2026-03-11,220648.0,220648.0,0.0,221010.0,0.9984,0.0
2026-03-12,220564.0,220564.0,0.0,220780.0,0.999,0.0
2026-03-13,220000.0,220000.0,0.0,220131.0,0.9994,0.0
2026-03-14,219737.0,219737.0,0.0,219860.0,0.9994,0.0
2026-03-15,218901.0,218901.0,0.0,219039.0,0.9994,0.0
2026-03-16,219186.0,219186.0,0.0,219287.0,0.9995,0.0
2026-03-17,219087.0,219087.0,0.0,219267.0,0.9992,0.0
2026-03-18,218533.0,218533.0,0.0,218759.0,0.999,0.0
2026-03-19,216900.0,216900.0,0.0,217342.0,0.998,0.0
2026-03-20,218272.0,218272.0,0.0,218459.0,0.9991,0.0
2026-03-21,219622.0,219622.0,0.0,219719.0,0.9996,0.0
2026-03-22,219431.0,219431.0,0.0,219558.0,0.9994,0.0
2026-03-23,218983.0,218983.0,0.0,219186.0,0.9991,0.0
2026-03-24,219558.0,219558.0,0.0,219751.0,0.9991,0.0
2026-03-25,219017.0,219017.0,0.0,219319.0,0.9986,0.0
2026-03-26,220937.0,220937.0,0.0,221219.0,0.9987,0.0
2026-03-27,220782.0,220782.0,0.0,221021.0,0.9989,0.0
2026-03-28,221068.0,221068.0,0.0,221325.0,0.9988,0.0
2026-03-29,220570.0,220570.0,0.0,220792.0,0.999,0.0
2026-03-30,220187.0,220187.0,0.0,220406.0,0.999,0.0
2026-03-31,220411.0,220411.0,0.0,220590.0,0.9992,0.0
2026-04-01,220603.0,220603.0,0.0,220745.0,0.9994,0.0
2026-04-02,220416.0,220416.0,0.0,220591.0,0.9992,0.0
2026-04-03,219491.0,219491.0,0.0,219727.0,0.9989,0.0
2026-04-04,219705.0,219705.0,0.0,219949.0,0.9989,0.0
2026-04-05,219619.0,219619.0,0.0,219940.0,0.9985,0.0
2026-04-06,219411.0,219411.0,0.0,219646.0,0.9989,0.0
2026-04-07,219743.0,219743.0,0.0,219951.0,0.9991,0.0
2026-04-08,219138.0,219138.0,0.0,219368.0,0.999,0.0
2026-04-09,218622.0,218622.0,0.0,219027.0,0.9982,0.0
2026-04-10,218865.0,218865.0,0.0,219168.0,0.9986,0.0
2026-04-11,216149.0,216149.0,0.0,217029.0,0.9959,0.0
2026-04-12,218918.0,218918.0,0.0,219145.0,0.999,0.0
2026-04-13,218992.0,218992.0,0.0,219391.0,0.9982,0.0
2026-04-14,219325.0,219325.0,0.0,219449.0,0.9994,0.0
2026-04-15,218398.0,218398.0,0.0,218561.0,0.9993,0.0
2026-04-16,218209.0,218209.0,0.0,218406.0,0.9991,0.0
2026-04-17,217388.0,217388.0,0.0,217986.0,0.9973,0.0
2026-04-18,218236.0,218236.0,0.0,218312.0,0.9997,0.0
2026-04-19,218461.0,218461.0,0.0,218547.0,0.9996,0.0
2026-04-20,218032.0,218032.0,0.0,218215.0,0.9992,0.0
2026-04-21,217503.0,217503.0,0.0,217676.0,0.9992,0.0
2026-04-22,217768.0,217768.0,0.0,217954.0,0.9991,0.0
2026-04-23,217412.0,217412.0,0.0,217825.0,0.9981,0.0
2026-04-24,218702.0,218702.0,0.0,218827.0,0.9994,0.0
2026-04-25,218477.0,218477.0,0.0,218576.0,0.9995,0.0
2026-04-26,218234.0,218234.0,0.0,218302.0,0.9997,0.0
2026-04-27,217809.0,217809.0,0.0,217932.0,0.9994,0.0
2026-04-28,217354.0,217354.0,0.0,217673.0,0.9985,0.0
2026-04-29,218779.0,218779.0,0.0,218981.0,0.9991,0.0
2026-04-30,219021.0,219021.0,0.0,219236.0,0.999,0.0
2026-05-01,218742.0,218742.0,0.0,218884.0,0.9994,0.0
2026-05-02,218500.0,218500.0,0.0,218674.0,0.9992,0.0
2026-05-03,218623.0,218623.0,0.0,218708.0,0.9996,0.0
2026-05-04,217936.0,217936.0,0.0,218093.0,0.9993,0.0
2026-05-05,216264.0,216264.0,0.0,216475.0,0.999,0.0
2026-05-06,215946.0,215946.0,0.0,216059.0,0.9995,0.0
2026-05-07,215744.0,215744.0,0.0,215875.0,0.9994,0.0
2026-05-08,215146.0,215146.0,0.0,215314.0,0.9992,0.0
2026-05-09,214553.0,214553.0,0.0,214710.0,0.9993,0.0
2026-05-10,214206.0,214206.0,0.0,214353.0,0.9993,0.0
2026-05-11,213670.0,213670.0,0.0,213876.0,0.999,0.0
2026-05-12,214623.0,214623.0,0.0,214822.0,0.9991,0.0
2026-05-13,216033.0,216033.0,0.0,216279.0,0.9989,0.0
2026-05-14,215788.0,215788.0,0.0,216422.0,0.9971,0.0
2026-05-15,216210.0,216210.0,0.0,216350.0,0.9994,0.0
2026-05-16,216359.0,216359.0,0.0,216496.0,0.9994,0.0
2026-05-17,216752.0,216752.0,0.0,217094.0,0.9984,0.0
2026-05-18,216334.0,216334.0,0.0,216666.0,0.9985,0.0
2026-05-19,215802.0,215802.0,0.0,216081.0,0.9987,0.0
2026-05-20,216029.0,216029.0,0.0,216255.0,0.999,0.0
2026-05-21,216035.0,216035.0,0.0,216397.0,0.9983,0.0
2026-05-22,215969.0,215969.0,0.0,216288.0,0.9985,4.0
2026-05-23,216551.0,216551.0,0.0,216674.0,0.9994,0.0
2026-05-24,216280.0,216280.0,0.0,216486.0,0.999,0.0
2026-05-25,216251.0,216251.0,0.0,216400.0,0.9993,0.0
2026-05-26,216496.0,216496.0,0.0,216839.0,0.9984,0.0
2026-05-27,217580.0,217580.0,0.0,218140.0,0.9974,0.0
2026-05-28,217809.0,217809.0,0.0,218178.0,0.9983,0.0
2026-05-29,217215.0,217215.0,0.0,218019.0,0.9963,0.0
2026-05-30,217304.0,217304.0,0.0,218082.0,0.9964,0.0
2026-05-31,217359.0,217359.0,0.0,217832.0,0.9978,0.0
2026-06-01,217095.0,217095.0,0.0,217560.0,0.9979,0.0
2026-06-02,216963.0,216963.0,0.0,217385.0,0.9981,0.0
2026-06-03,216597.0,216597.0,0.0,217020.0,0.9981,0.0
2026-06-04,216568.0,216568.0,0.0,216851.0,0.9987,0.0
2026-06-05,216363.0,216363.0,0.0,216661.0,0.9986,0.0
2026-06-06,216402.0,216402.0,0.0,216685.0,0.9987,0.0
2026-06-07,216604.0,216604.0,0.0,216932.0,0.9985,0.0
2026-06-08,216676.0,216676.0,0.0,216937.0,0.9988,0.0
2026-06-09,217043.0,217043.0,0.0,217332.0,0.9987,0.0
2026-06-10,217642.0,217642.0,0.0,217942.0,0.9986,0.0
2026-06-11,217498.0,217498.0,0.0,217924.0,0.998,0.0
2026-06-12,216979.0,216979.0,0.0,217555.0,0.9974,0.0
2026-06-13,217331.0,217331.0,0.0,217698.0,0.9983,0.0
2026-06-14,217102.0,217102.0,0.0,217555.0,0.9979,0.0
2026-06-15,216859.0,216859.0,0.0,217863.0,0.9954,0.0
2026-06-16,217588.0,217588.0,0.0,217960.0,0.9983,0.0
2026-06-17,217600.0,217600.0,0.0,217821.0,0.999,0.0
2026-06-18,217793.0,217793.0,0.0,218058.0,0.9988,0.0
2026-06-19,217569.0,217569.0,0.0,217826.0,0.9988,0.0
2026-06-20,217584.0,217584.0,0.0,217731.0,0.9993,0.0
2026-06-21,217191.0,217191.0,0.0,217309.0,0.9995,0.0
2026-06-22,216828.0,216828.0,0.0,216966.0,0.9994,0.0
2026-06-23,216143.0,216143.0,0.0,216263.0,0.9994,0.0
2026-06-24,214850.0,214850.0,0.0,215530.0,0.9968,0.0
2026-06-25,214900.0,214900.0,0.0,215165.0,0.9988,0.0
2026-06-26,214646.0,214646.0,0.0,215188.0,0.9975,0.0
2026-06-27,214969.0,214969.0,0.0,215377.0,0.9981,0.0
2026-06-28,214115.0,214115.0,0.0,214363.0,0.9988,0.0
2026-06-29,212300.0,212300.0,0.0,213014.0,0.9966,0.0
2026-06-30,213239.0,213239.0,0.0,213587.0,0.9984,0.0
2026-07-01,213710.0,213710.0,0.0,214296.0,0.9973,0.0
2026-07-02,213775.0,213775.0,0.0,214253.0,0.9978,0.0
2026-07-03,213588.0,213588.0,0.0,214038.0,0.9979,0.0
2026-07-04,213992.0,213992.0,0.0,214264.0,0.9987,0.0
2026-07-05,213891.0,213891.0,0.0,214053.0,0.9992,0.0
2026-07-06,211676.0,211676.0,0.0,213592.0,0.991,0.0
2026-07-07,212566.0,212566.0,0.0,212831.0,0.9988,0.0
2026-07-08,211879.0,211879.0,0.0,212271.0,0.9982,0.0
2026-07-09,210682.0,210682.0,0.0,210988.0,0.9985,0.0
2026-07-10,210788.0,210788.0,0.0,210979.0,0.9991,0.0
2026-07-11,210676.0,210676.0,0.0,210761.0,0.9996,0.0
2026-07-12,210519.0,210519.0,0.0,210609.0,0.9996,0.0
2026-07-13,210247.0,210247.0,0.0,210335.0,0.9996,0.0
2026-07-14,209887.0,209887.0,0.0,210049.0,0.9992,0.0
2026-07-15,209170.0,209170.0,0.0,209316.0,0.9993,0.0
2026-07-16,205728.0,205728.0,0.0,209642.0,0.9813,0.0
2026-07-17,206087.0,206087.0,0.0,207770.0,0.9919,0.0
2026-07-18,206712.0,206712.0,0.0,207260.0,0.9974,0.0
2026-07-19,205335.0,205335.0,0.0,205750.0,0.998,0.0
2026-07-20,202061.0,202061.0,0.0,202491.0,0.9979,0.0
2026-07-21,205563.0,205563.0,0.0,205825.0,0.9987,0.0
2026-07-22,205349.0,205349.0,0.0,205604.0,0.9988,0.0
2026-07-23,205165.0,205165.0,0.0,205971.0,0.9961,0.0
2026-07-24,205840.0,205840.0,0.0,205995.0,0.9992,0.0
2026-07-25,205606.0,205606.0,0.0,205681.0,0.9996,0.0
2026-07-26,205459.0,205459.0,0.0,205705.0,0.9988,0.0
2026-07-27,205092.0,205092.0,0.0,205212.0,0.9994,0.0
2026-07-28,204155.0,204155.0,0.0,204550.0,0.9981,0.0
2026-07-29,203939.0,203939.0,0.0,204287.0,0.9983,0.0
2026-07-30,204063.0,204063.0,0.0,204811.0,0.9963,0.0
2026-07-31,203538.0,203538.0,0.0,204803.0,0.9938,0.0
2026-08-01,204426.0,204426.0,0.0,204592.0,0.9992,0.0
2026-08-02,204520.0,204520.0,0.0,204781.0,0.9987,0.0
2026-08-03,203507.0,203507.0,0.0,204296.0,0.9961,0.0
2026-08-04,203926.0,203926.0,0.0,204175.0,0.9988,0.0
2026-08-05,204190.0,204190.0,0.0,204421.0,0.9989,0.0
2026-08-06,204236.0,204236.0,0.0,204388.0,0.9993,0.0
2026-08-07,204572.0,204572.0,0.0,204808.0,0.9988,0.0
2026-08-08,204256.0,204256.0,0.0,204369.0,0.9994,0.0
2026-08-09,204445.0,204445.0,0.0,204514.0,0.9997,0.0
2026-08-10,204455.0,204455.0,0.0,204547.0,0.9996,0.0
2026-08-11,204941.0,204941.0,0.0,205084.0,0.9993,0.0
2026-08-12,203995.0,203995.0,0.0,205725.0,0.9916,0.0
2026-08-13,206651.0,206651.0,0.0,207068.0,0.998,0.0
2026-08-14,207784.0,207784.0,0.0,207961.0,0.9991,0.0
2026-08-15,207098.0,207098.0,0.0,207767.0,0.9968,0.0
2026-08-16,207805.0,207805.0,0.0,207864.0,0.9997,0.0
2026-08-17,207888.0,207888.0,0.0,208054.0,0.9992,0.0
2026-08-18,207889.0,207889.0,0.0,208023.0,0.9994,0.0
2026-08-19,207160.0,207160.0,0.0,207490.0,0.9984,0.0
2026-08-20,207660.0,207660.0,0.0,207866.0,0.999,0.0
2026-08-21,226598.0,226598.0,0.0,226793.0,0.9991,0.0
2026-08-22,235122.0,235122.0,0.0,235342.0,0.9991,0.0
2026-08-23,236015.0,236015.0,0.0,236297.0,0.9988,0.0
2026-08-24,236241.0,236241.0,0.0,236418.0,0.9993,0.0
2026-08-25,235955.0,235955.0,0.0,236245.0,0.9988,0.0
2026-08-26,236139.0,236139.0,0.0,236358.0,0.9991,0.0
2026-08-27,235962.0,235962.0,0.0,236121.0,0.9993,0.0
2026-08-28,248375.0,248375.0,0.0,248596.0,0.9991,0.0
2026-08-29,272468.0,272468.0,0.0,272619.0,0.9994,0.0
2026-08-30,272334.0,272334.0,0.0,272401.0,0.9998,0.0
2026-08-31,272025.0,272025.0,0.0,272158.0,0.9995,0.0
2026-09-01,271939.0,271939.0,0.0,272055.0,0.9996,0.0
2026-09-02,274104.0,274104.0,0.0,274322.0,0.9992,0.0
2026-09-03,273473.0,273473.0,0.0,274248.0,0.9972,0.0
2026-09-04,272653.0,272653.0,0.0,273954.0,0.9953,0.0
2026-09-05,273449.0,273449.0,0.0,274256.0,0.9971,0.0
2026-09-06,272674.0,272674.0,0.0,272767.0,0.9997,0.0
2026-09-07,272529.0,272529.0,0.0,272670.0,0.9995,0.0
2026-09-08,272504.0,272504.0,0.0,272774.0,0.999,0.0
2026-09-09,272111.0,272111.0,0.0,272593.0,0.9982,0.0
2026-09-10,273225.0,273225.0,0.0,273350.0,0.9995,0.0
2026-09-11,272296.0,272296.0,0.0,272727.0,0.9984,0.0
2026-09-12,272532.0,272532.0,0.0,272692.0,0.9994,0.0
2026-09-13,273616.0,273616.0,0.0,273779.0,0.9994,0.0
2026-09-14,273229.0,273229.0,0.0,273464.0,0.9991,0.0
2026-09-15,272446.0,272446.0,0.0,273124.0,0.9975,0.0
2026-09-16,272174.0,272174.0,0.0,272524.0,0.9987,0.0
2026-09-17,272410.0,272410.0,0.0,272620.0,0.9992,0.0
2026-09-18,312688.0,312688.0,0.0,312906.0,0.9993,0.0
2026-09-19,323934.0,323934.0,0.0,324073.0,0.9996,0.0
2026-09-20,323874.0,323874.0,0.0,323973.0,0.9997,0.0
2026-09-21,302153.0,302153.0,0.0,302281.0,0.9996,0.0
