REG	2012-01	5085795
EXE	2013-01	865486
REG	2013-01	9401650
EXE	2014-01	1016995
REG	2014-01	10192024
EXE	2015-01	1117316
REG	2015-01	10800107
REG	2011-01	1545311
EXE	2017-01	1297043
REG	2017-01	11348586
REG	2010-01	1665254
EXE	2016-01	1196827
REG	2016-01	11256727
REG	2009-01	832718
REG	2008-01	718864
REG	2008-02	722768
REG	2010-02	1676383
REG	2011-02	1738032
EXE	2012-02	48769
REG	2012-02	5104132
EXE	2013-02	874203
REG	2013-02	9411728
EXE	2016-02	1198538
REG	2016-02	11145375
EXE	2017-02	1315171
REG	2017-02	11421409
REG	2009-02	833702
EXE	2015-02	1110676
REG	2015-02	10912048
EXE	2014-02	1019305
REG	2014-02	10295847
REG	2010-03	1685363
REG	2011-03	1538956
EXE	2012-03	52459
REG	2012-03	5138368
EXE	2013-03	882262
REG	2013-03	9309396
EXE	2016-03	1208238
REG	2016-03	11169679
EXE	2017-03	1322787
REG	2017-03	11448565
REG	2009-03	780903
EXE	2015-03	1140995
REG	2015-03	10927812
REG	2008-03	729842
EXE	2014-03	1034629
REG	2014-03	10324311
REG	2008-04	732176
REG	2009-04	804630
REG	2010-04	1688494
REG	2011-04	1712199
EXE	2012-04	638158
REG	2012-04	8560295
EXE	2013-04	892291
REG	2013-04	9308998
EXE	2014-04	1034316
REG	2014-04	10445054
EXE	2015-04	1144570
REG	2015-04	10935047
EXE	2016-04	1230089
REG	2016-04	11145550
EXE	2017-04	1333382
REG	2017-04	11467842
REG	2009-05	798650
REG	2011-05	1567111
EXE	2012-05	736036
REG	2012-05	9711432
EXE	2013-05	903490
REG	2013-05	9364810
EXE	2014-05	1041226
REG	2014-05	10484682
EXE	2015-05	1165990
REG	2015-05	11015142
EXE	2017-05	1353119
REG	2017-05	11559371
EXE	2016-05	1272155
REG	2016-05	11176009
REG	2010-05	1694628
REG	2007-05	696384
REG	2009-06	768370
REG	2011-06	1569616
EXE	2012-06	753625
REG	2012-06	10826962
EXE	2015-06	1155477
REG	2015-06	10965604
EXE	2016-06	1286944
REG	2016-06	11382130
EXE	2017-06	1363030
REG	2017-06	11595663
REG	2008-06	741655
REG	2010-06	1848179
EXE	2014-06	1050671
REG	2014-06	10554683
EXE	2013-06	947283
REG	2013-06	9398785
REG	2006-06	691312
EXE	2017-06	1369718
REG	2017-06	11636889
REG	2008-07	745003
REG	2009-07	811103
REG	2010-07	1857983
REG	2011-07	1651572
EXE	2013-07	944336
REG	2013-07	9452003
EXE	2014-07	1049092
REG	2014-07	10627131
EXE	2015-07	1125219
REG	2015-07	11124879
EXE	2016-07	1268356
REG	2016-07	11414337
EXE	2012-07	787334
REG	2012-07	10235751
REG	2007-07	707632
REG	2010-07	1720595
REG	2009-08	771998
REG	2011-08	1592503
EXE	2012-08	799774
REG	2012-08	9876235
EXE	2013-08	931070
REG	2013-08	9371208
EXE	2014-08	1058527
REG	2014-08	10707457
EXE	2016-08	1275171
REG	2016-08	11451239
EXE	2015-08	1134250
REG	2015-08	11105497
REG	2008-08	748628
REG	2011-08	1953769
REG	2009-09	791169
REG	2010-09	1684869
EXE	2012-09	800729
REG	2012-09	9741849
EXE	2015-09	1171125
REG	2015-09	11247143
EXE	2016-09	1270933
REG	2016-09	11348258
REG	2008-09	749928
EXE	2014-09	1073004
REG	2014-09	10739197
EXE	2013-09	971680
REG	2013-09	9519192
REG	2007-09	712064
REG	2008-10	752085
REG	2009-10	818556
REG	2010-10	1874760
EXE	2012-10	826165
REG	2012-10	9626095
EXE	2013-10	978985
REG	2013-10	9760287
EXE	2014-10	1041053
REG	2014-10	10656948
EXE	2015-10	1163211
REG	2015-10	11277979
REG	2011-10	8518197
EXE	2016-10	1287593
REG	2016-10	11514856
REG	2007-10	717008
REG	2010-11	1730430
REG	2011-11	8596741
EXE	2012-11	847106
REG	2012-11	9512293
EXE	2013-11	1043289
REG	2013-11	9872835
EXE	2016-11	1280462
REG	2016-11	11415155
REG	2009-11	1667235
EXE	2015-11	1176590
REG	2015-11	11307482
EXE	2014-11	1094905
REG	2014-11	10808795
REG	2007-11	719488
REG	2009-12	1965036
REG	2010-12	1555964
REG	2011-12	5047165
EXE	2014-12	1117316
REG	2014-12	10800025
EXE	2015-12	1215218
REG	2015-12	11251309
EXE	2016-12	1297177
REG	2016-12	11424497
EXE	2013-12	1004754
REG	2013-12	10236984
EXE	2012-12	855396
REG	2012-12	9514059
REG	2008-12	782736
EXE	2018-01	1447094
EXE	2018-02	1446388
REG	2018-01	11918313
REG	2018-02	12123916
EXE	2018-03	1461412
REG	2018-03	11989738
EXE	2018-04	1510317
REG	2018-04	12184532
EXE	2018-05	1518179
REG	2018-05	12396677
EXE	2018-06	1528064
REG	2018-06	12525658
EXE	2018-07	1407397
REG	2018-07	12088809
EXE	2017-08	1375765
REG	2017-08	11704850
EXE	2018-08	1544314
REG	2018-08	12651925
EXE	2017-09	1408238
REG	2017-09	11746361
EXE	2017-10	1427906
REG	2017-10	11873793
EXE	2017-11	1427098
REG	2017-11	11956101
EXE	2017-12	1443702
REG	2017-12	11969356
EXE	2019-01	261
REG	2019-01	247
EXE	2020-01	1598110
REG	2020-01	11904595
EXE	2022-01	475517
REG	2022-01	3408162
EXE	2021-01	1738309
REG	2021-01	12296516
EXE	2023-01	2104816
REG	2023-01	13640987
EXE	2019-02	1614404
REG	2019-02	12729284
EXE	2021-02	1738087
REG	2021-02	12327321
EXE	2020-02	1615640
REG	2020-02	11945872
EXE	2023-02	2128750
REG	2023-02	13661961
EXE	2022-02	480863
REG	2022-02	3422940
EXE	2019-03	1634467
REG	2019-03	12778241
EXE	2021-03	1753343
REG	2021-03	12367781
EXE	2022-03	484677
REG	2022-03	3435576
EXE	2023-03	2148638
REG	2023-03	13661710
EXE	2019-04	1654961
REG	2019-04	12809599
EXE	2022-04	491990
REG	2022-04	3466497
EXE	2023-04	2164096
REG	2023-04	13610675
EXE	2021-04	440113
REG	2021-04	3279595
EXE	2019-05	1538382
REG	2019-05	11694324
EXE	2022-05	497180
REG	2022-05	3495676
EXE	2021-05	446532
REG	2021-05	3320664
REG	2023-05	20008858
EXE	2020-06	1671773
REG	2020-06	12128714
EXE	2021-06	451408
REG	2021-06	3304805
EXE	2022-06	506197
REG	2022-06	3519573
REG	2019-06	11755518
EXE	2019-06	1547073
EXE	2019-07	1545821
REG	2019-07	11772524
EXE	2020-07	1663596
REG	2020-07	12118142
EXE	2021-07	449988
REG	2021-07	3333128
EXE	2022-07	502759
REG	2022-07	3531388
EXE	2019-08	1551893
REG	2019-08	11839874
EXE	2022-08	507361
REG	2022-08	3554644
EXE	2021-08	455368
REG	2021-08	3363188
EXE	2020-08	1681311
REG	2020-08	12180133
EXE	2021-09	462011
REG	2021-09	3384454
EXE	2022-09	514494
REG	2022-09	3565069
EXE	2020-09	1701876
REG	2020-09	12210566
EXE	2018-09	1562996
REG	2018-09	12711856
EXE	2018-10	1574244
REG	2018-10	12762098
EXE	2019-10	1582721
REG	2019-10	11905032
EXE	2020-10	1716679
REG	2020-10	12251590
EXE	2022-10	518894
REG	2022-10	3581281
EXE	2021-10	468161
REG	2021-10	3402721
EXE	2018-11	1575124
REG	2018-11	12782161
EXE	2019-11	1583267
REG	2019-11	11921296
EXE	2021-11	467206
REG	2021-11	3409578
EXE	2020-11	1708673
REG	2020-11	12290220
EXE	2022-11	2080424
REG	2022-11	13670245
EXE	2021-12	470956
REG	2021-12	3466394
EXE	2022-12	2098192
EXE	2019-12	1594956
REG	2019-12	11945663
EXE	2020-12	1721007
REG	2020-12	12321347
EXE	2018-12	1593655
REG	2018-12	12798802
EXE	2026-01	804264
REG	2026-01	5105520
REG	2022-12	13686027
EXE	2025-12	795242
REG	2025-12	5131597
EXE	2026-02	812027
REG	2026-02	5131143
EXE	2026-03	821552
REG	2026-03	5153563
EXE	2026-04	827865
REG	2026-04	5189793
EXE	2026-05	837315
REG	2026-05	5231479
EXE	2026-06	843227
REG	2026-06	5257799
EXE	2026-07	840628
REG	2026-07	5272735
EXE	2026-08	848786
REG	2026-08	5295981
REG	2020-03	11966778
EXE	2020-03	1621489
EXE	2020-04	1636101
REG	2020-04	11993284
EXE	2020-05	1660995
