filer,cik,period,filed_date,rank,ticker,issuer_name,cusip,issuer_id,leg,instrument_class,value_usd,shares,pct_of_book,prior_value_usd,prior_shares,share_delta,action,novel_vs_our_shelf,unit_scale,book_total_usd,positions_total,positions_at_or_above_floor
Elliott Investment Management (Singer),1791786,2026-06-30,2026-08-14,1,TFPM,TRIPLE FLAG PRECIOUS METAL,89679M104,89679M,long,common,3993248804,133241535,17.615,4625045543,133248215,-6680,trimmed,no,1,22669814953,29,27
Elliott Investment Management (Singer),1791786,2026-06-30,2026-08-14,2,PSX,PHILLIPS 66,718546104,718546,long,common,3254381550,19251000,14.356,3507147180,19251000,0,flat,yes,1,22669814953,29,27
Elliott Investment Management (Singer),1791786,2026-06-30,2026-08-14,3,QQQ,INVESCO QQQ TR,46090E103,46090E,put,option_put,2562672000,0,11.304,230872000,0,0,added,yes,1,22669814953,29,27
Elliott Investment Management (Singer),1791786,2026-06-30,2026-08-14,4,SU,SUNCOR ENERGY INC NEW,867224107,867224,long,common,1581090720,29454000,6.974,3482066588,52670800,-23216800,trimmed,no,1,22669814953,29,27
Elliott Investment Management (Singer),1791786,2026-06-30,2026-08-14,5,HPE,HEWLETT PACKARD ENTERPRISE C,42824C109,42824C,long,common,1455789243,32271985,6.422,652911510,27421735,4850250,added,yes,1,22669814953,29,27
Elliott Investment Management (Singer),1791786,2026-06-30,2026-08-14,6,IGV,ISHARES TR,464287515,464287,put,option_put,1426950000,0,6.294,0,0,0,new,yes,1,22669814953,29,27
Elliott Investment Management (Singer),1791786,2026-06-30,2026-08-14,7,LUV,SOUTHWEST AIRLS CO,844741108,844741,long,common,1249917360,24308000,5.514,1140099220,30346000,-6038000,trimmed,no,1,22669814953,29,27
Elliott Investment Management (Singer),1791786,2026-06-30,2026-08-14,8,XLI,SELECT SECTOR SPDR TR,81369Y704,81369Y,put,option_put,958565250,0,4.228,1212975000,0,0,trimmed,yes,1,22669814953,29,27
Elliott Investment Management (Singer),1791786,2026-06-30,2026-08-14,9,XLY,SELECT SECTOR SPDR TR,81369Y407,81369Y,put,option_put,832688000,0,3.673,468614000,0,0,added,yes,1,22669814953,29,27
Elliott Investment Management (Singer),1791786,2026-06-30,2026-08-14,10,XLP,SELECT SECTOR SPDR TR,81369Y308,81369Y,put,option_put,799548750,0,3.527,749297200,0,0,added,yes,1,22669814953,29,27
Elliott Investment Management (Singer),1791786,2026-06-30,2026-08-14,11,GDX,VANECK ETF TRUST,92189F106,92189F,put,option_put,690367500,0,3.045,151420500,0,0,added,no,1,22669814953,29,27
Elliott Investment Management (Singer),1791786,2026-06-30,2026-08-14,12,UNIT,UNITI GROUP LLC,912932100,912932,long,common,676870152,59012219,2.986,553534614,59012219,0,flat,yes,1,22669814953,29,27
Elliott Investment Management (Singer),1791786,2026-06-30,2026-08-14,13,IHI,ISHARES TR,464288810,464288,put,option_put,617625000,0,2.724,0,0,0,new,yes,1,22669814953,29,27
Elliott Investment Management (Singer),1791786,2026-06-30,2026-08-14,14,PINS,PINTEREST INC,72352L106,72352L,long,common,588840000,28000000,2.597,513520000,28000000,0,flat,no,1,22669814953,29,27
Elliott Investment Management (Singer),1791786,2026-06-30,2026-08-14,15,ETSY,ETSY INC,29786A106,29786A,long,common,376650000,5000000,1.661,249900000,5000000,0,flat,no,1,22669814953,29,27
Elliott Investment Management (Singer),1791786,2026-06-30,2026-08-14,16,,NORWEGIAN CRUISE LINE HLDGS,G66721104,G66721,long,common,310021460,14686000,1.368,246578200,13186000,1500000,added,no,1,22669814953,29,27
Elliott Investment Management (Singer),1791786,2026-06-30,2026-08-14,17,PEP,PEPSICO INC,713448108,713448,long,common,172635000,1275000,0.762,197994750,1275000,0,flat,no,1,22669814953,29,27
Elliott Investment Management (Singer),1791786,2026-06-30,2026-08-14,18,,SEADRILL LTD,G7997W102,G7997W,long,common,167908735,4439681,0.741,214718368,4719085,-279404,trimmed,no,1,22669814953,29,27
Elliott Investment Management (Singer),1791786,2026-06-30,2026-08-14,19,SMH,VANECK ETF TRUST,92189F676,92189F,put,option_put,163972500,0,0.723,0,0,0,new,yes,1,22669814953,29,27
Elliott Investment Management (Singer),1791786,2026-06-30,2026-08-14,20,EQIX,EQUINIX INC,29444U700,29444U,long,common,156358500,150000,0.69,147036000,150000,0,flat,no,1,22669814953,29,27
Elliott Investment Management (Singer),1791786,2026-06-30,2026-08-14,21,SNPS,SYNOPSYS INC,871607107,871607,long,common,101480925,227500,0.448,0,0,227500,new,no,1,22669814953,29,27
Elliott Investment Management (Singer),1791786,2026-06-30,2026-08-14,22,OR,OR ROYALTIES INC.,68390D106,68390D,long,common,98400930,3111000,0.434,118280220,3111000,0,flat,no,1,22669814953,29,27
Elliott Investment Management (Singer),1791786,2026-06-30,2026-08-14,23,XME,SPDR SERIES TRUST,78464A755,78464A,put,option_put,96237000,0,0.425,97209000,0,0,trimmed,yes,1,22669814953,29,27
Elliott Investment Management (Singer),1791786,2026-06-30,2026-08-14,24,RSP,INVESCO EXCHANGE TRADED FD T,46137V357,46137V,put,option_put,84044150,0,0.371,0,0,0,new,no,1,22669814953,29,27
Elliott Investment Management (Singer),1791786,2026-06-30,2026-08-14,25,,TRANSOCEAN LTD,H8817H100,H8817H,long,common,76415218,15626834,0.337,103605909,15626834,0,flat,yes,1,22669814953,29,27
Elliott Investment Management (Singer),1791786,2026-06-30,2026-08-14,26,IWM,ISHARES TR,464287655,464287,put,option_put,75112500,0,0.331,124000000,0,0,trimmed,no,1,22669814953,29,27
Elliott Investment Management (Singer),1791786,2026-06-30,2026-08-14,27,IHI,ISHARES TR,464288810,464288,call,option_call,69174000,0,0.305,0,0,0,new,yes,1,22669814953,29,27
Bridgewater Associates (Dalio),1350694,2026-06-30,2026-08-14,1,SPY,STATE STR SPDR S&P 500 ETF T,78462F103,78462F,long,common,3973046405,5320308,16.299,2838644353,4364862,955446,added,no,1,24376086530,997,63
Bridgewater Associates (Dalio),1350694,2026-06-30,2026-08-14,2,IVV,ISHARES TR,464287200,464287,long,common,2248381963,3002286,9.224,1750004460,2679084,323202,added,yes,1,24376086530,997,63
Bridgewater Associates (Dalio),1350694,2026-06-30,2026-08-14,3,NVDA,NVIDIA CORPORATION,67066G104,67066G,long,common,773586958,3866195,3.174,818459723,4693003,-826808,trimmed,no,1,24376086530,997,63
Bridgewater Associates (Dalio),1350694,2026-06-30,2026-08-14,4,AVGO,BROADCOM INC,11135F101,11135F,long,common,497845413,1317923,2.042,568068464,1835380,-517457,trimmed,no,1,24376086530,997,63
Bridgewater Associates (Dalio),1350694,2026-06-30,2026-08-14,5,AMZN,AMAZON COM INC,023135106,023135,long,common,482753142,2025481,1.98,914036840,4388711,-2363230,trimmed,no,1,24376086530,997,63
Bridgewater Associates (Dalio),1350694,2026-06-30,2026-08-14,6,GOOGL,ALPHABET INC,02079K305,02079K,long,common,472506037,1322176,1.938,574451135,1997674,-675498,trimmed,no,1,24376086530,997,63
Bridgewater Associates (Dalio),1350694,2026-06-30,2026-08-14,7,LRCX,LAM RESEARCH CORP,512807306,512807,long,common,406560606,938224,1.668,335708788,1571229,-633005,trimmed,no,1,24376086530,997,63
Bridgewater Associates (Dalio),1350694,2026-06-30,2026-08-14,8,VOO,VANGUARD INDEX FDS,922908363,922908,long,common,314820655,458381,1.292,94788161,158628,299753,added,no,1,24376086530,997,63
Bridgewater Associates (Dalio),1350694,2026-06-30,2026-08-14,9,AMD,ADVANCED MICRO DEVICES INC,007903107,007903,long,common,312896715,538632,1.284,262987591,1292767,-754135,trimmed,no,1,24376086530,997,63
Bridgewater Associates (Dalio),1350694,2026-06-30,2026-08-14,10,EWY,ISHARES INC,464286772,464286,long,common,279585467,1384772,1.147,217268135,1766264,-381492,trimmed,no,1,24376086530,997,63
Bridgewater Associates (Dalio),1350694,2026-06-30,2026-08-14,11,MSFT,MICROSOFT CORP,594918104,594918,long,common,265551446,711896,1.089,401626676,1084979,-373083,trimmed,no,1,24376086530,997,63
Bridgewater Associates (Dalio),1350694,2026-06-30,2026-08-14,12,NEM,NEWMONT CORP,651639106,651639,long,common,251728878,2695170,1.033,250776388,2316641,378529,added,no,1,24376086530,997,63
Bridgewater Associates (Dalio),1350694,2026-06-30,2026-08-14,13,AMAT,APPLIED MATLS INC,038222105,038222,long,common,210700998,291426,0.864,191374373,559918,-268492,trimmed,no,1,24376086530,997,63
Bridgewater Associates (Dalio),1350694,2026-06-30,2026-08-14,14,ORCL,ORACLE CORP,68389X105,68389X,long,common,210001314,1432967,0.862,234209271,1592069,-159102,trimmed,no,1,24376086530,997,63
Bridgewater Associates (Dalio),1350694,2026-06-30,2026-08-14,15,,SEAGATE TECHNOLOGY HLDNGS PL,G7997R103,G7997R,long,common,192828230,199822,0.791,128934876,329117,-129295,trimmed,no,1,24376086530,997,63
Bridgewater Associates (Dalio),1350694,2026-06-30,2026-08-14,16,JNJ,JOHNSON & JOHNSON,478160104,478160,long,common,169940216,669135,0.697,170346325,696884,-27749,trimmed,no,1,24376086530,997,63
Bridgewater Associates (Dalio),1350694,2026-06-30,2026-08-14,17,VWO,VANGUARD INTL EQUITY INDEX F,922042858,922042,long,common,163957626,2746819,0.673,147110047,2721740,25079,added,yes,1,24376086530,997,63
Bridgewater Associates (Dalio),1350694,2026-06-30,2026-08-14,18,GEV,GE VERNOVA INC,36828A101,36828A,long,common,144235212,122768,0.592,379621591,434897,-312129,trimmed,no,1,24376086530,997,63
Bridgewater Associates (Dalio),1350694,2026-06-30,2026-08-14,19,UNP,UNION PAC CORP,907818108,907818,long,common,139880352,514266,0.574,129280067,532850,-18584,trimmed,no,1,24376086530,997,63
Bridgewater Associates (Dalio),1350694,2026-06-30,2026-08-14,20,MU,MICRON TECHNOLOGY INC,595112103,595112,long,common,134666397,116666,0.552,498551839,1475704,-1359038,trimmed,no,1,24376086530,997,63
Bridgewater Associates (Dalio),1350694,2026-06-30,2026-08-14,21,MBB,ISHARES TR,464288588,464288,long,common,131080336,1386800,0.538,129132000,1360000,26800,added,yes,1,24376086530,997,63
Bridgewater Associates (Dalio),1350694,2026-06-30,2026-08-14,22,MO,ALTRIA GROUP INC,02209S103,02209S,long,common,124273191,1727216,0.51,112546671,1705511,21705,added,no,1,24376086530,997,63
Bridgewater Associates (Dalio),1350694,2026-06-30,2026-08-14,23,APH,AMPHENOL CORP,032095101,032095,long,common,123002948,697612,0.505,109046115,863048,-165436,trimmed,yes,1,24376086530,997,63
Bridgewater Associates (Dalio),1350694,2026-06-30,2026-08-14,24,,ASML HLDG NV,N07059210,N07059,long,common,122698712,61675,0.503,121775243,92196,-30521,trimmed,no,1,24376086530,997,63
Bridgewater Associates (Dalio),1350694,2026-06-30,2026-08-14,25,B,BARRICK MNG CORP,06849F108,06849F,long,common,121387233,3304836,0.498,125599704,3079243,225593,added,no,1,24376086530,997,63
Bridgewater Associates (Dalio),1350694,2026-06-30,2026-08-14,26,CLS,CELESTICA INC,15101Q207,15101Q,long,common,120635278,330689,0.495,148056923,525621,-194932,trimmed,no,1,24376086530,997,63
Bridgewater Associates (Dalio),1350694,2026-06-30,2026-08-14,27,VST,VISTRA CORP,92840M102,92840M,long,common,119241378,751695,0.489,52392110,348514,403181,added,no,1,24376086530,997,63
Bridgewater Associates (Dalio),1350694,2026-06-30,2026-08-14,28,SHEL,SHELL PLC,780259305,780259,long,common,118338679,1526163,0.485,29030601,312157,1214006,added,no,1,24376086530,997,63
Bridgewater Associates (Dalio),1350694,2026-06-30,2026-08-14,29,SE,SEA LTD,81141R100,81141R,long,common,115433272,1204563,0.474,110810380,1338128,-133565,trimmed,no,1,24376086530,997,63
Bridgewater Associates (Dalio),1350694,2026-06-30,2026-08-14,30,LQD,ISHARES TR,464287242,464287,long,common,114578035,1050500,0.47,111355083,1021700,28800,added,yes,1,24376086530,997,63
Bridgewater Associates (Dalio),1350694,2026-06-30,2026-08-14,31,NUE,NUCOR CORP,670346105,670346,long,common,114364973,513423,0.469,104593085,618528,-105105,trimmed,no,1,24376086530,997,63
Bridgewater Associates (Dalio),1350694,2026-06-30,2026-08-14,32,PCAR,PACCAR INC,693718108,693718,long,common,113646373,946107,0.466,89751816,777072,169035,added,yes,1,24376086530,997,63
Bridgewater Associates (Dalio),1350694,2026-06-30,2026-08-14,33,WDC,WESTERN DIGITAL CORP,958102105,958102,long,common,110124909,172415,0.452,67362559,249039,-76624,trimmed,no,1,24376086530,997,63
Bridgewater Associates (Dalio),1350694,2026-06-30,2026-08-14,34,IEMG,ISHARES INC,46434G103,46434G,long,common,110034384,1328276,0.451,93670344,1342944,-14668,trimmed,yes,1,24376086530,997,63
Bridgewater Associates (Dalio),1350694,2026-06-30,2026-08-14,35,CSX,CSX CORP,126408103,126408,long,common,105990236,2229965,0.435,97503109,2375228,-145263,trimmed,yes,1,24376086530,997,63
Bridgewater Associates (Dalio),1350694,2026-06-30,2026-08-14,36,PBR,PETROLEO BRASILEIRO S A,71654V408,71654V,long,common,105436776,6524553,0.433,23882918,1150984,5373569,added,yes,1,24376086530,997,63
Bridgewater Associates (Dalio),1350694,2026-06-30,2026-08-14,37,AAPL,APPLE INC,037833100,037833,long,common,105436129,364377,0.433,143008635,563492,-199115,trimmed,no,1,24376086530,997,63
Bridgewater Associates (Dalio),1350694,2026-06-30,2026-08-14,38,LLY,ELI LILLY & CO,532457108,532457,long,common,104377997,87023,0.428,65130753,70812,16211,added,no,1,24376086530,997,63
Bridgewater Associates (Dalio),1350694,2026-06-30,2026-08-14,39,PCG,PG&E CORP,69331C108,69331C,long,common,99764701,5931314,0.409,431010,24531,5906783,added,yes,1,24376086530,997,63
Bridgewater Associates (Dalio),1350694,2026-06-30,2026-08-14,40,KLAC,KLA CORP,482480100,482480,long,common,98982000,328070,0.406,160012684,108674,219396,added,no,1,24376086530,997,63
Bridgewater Associates (Dalio),1350694,2026-06-30,2026-08-14,41,FIX,COMFORT SYS USA INC,199908104,199908,long,common,96136467,48506,0.394,119230233,86462,-37956,trimmed,no,1,24376086530,997,63
Bridgewater Associates (Dalio),1350694,2026-06-30,2026-08-14,42,,NXP SEMICONDUCTORS N V,N6596X109,N6596X,long,common,94820927,337405,0.389,51731265,262782,74623,added,no,1,24376086530,997,63
Bridgewater Associates (Dalio),1350694,2026-06-30,2026-08-14,43,WFC,WELLS FARGO & CO,949746101,949746,long,common,94693375,1145854,0.388,75038794,942580,203274,added,yes,1,24376086530,997,63
Bridgewater Associates (Dalio),1350694,2026-06-30,2026-08-14,44,EIX,EDISON INTL,281020107,281020,long,common,91917012,1234614,0.377,10300890,140761,1093853,added,yes,1,24376086530,997,63
Bridgewater Associates (Dalio),1350694,2026-06-30,2026-08-14,45,EMXC,ISHARES INC,46434G764,46434G,long,common,90076787,880516,0.37,84345545,1072280,-191764,trimmed,no,1,24376086530,997,63
Bridgewater Associates (Dalio),1350694,2026-06-30,2026-08-14,46,MPC,MARATHON PETE CORP,56585A102,56585A,long,common,89286100,349224,0.366,18870963,77283,271941,added,no,1,24376086530,997,63
Bridgewater Associates (Dalio),1350694,2026-06-30,2026-08-14,47,STLD,STEEL DYNAMICS INC,858119100,858119,long,common,86848315,378490,0.356,78854220,438079,-59589,trimmed,yes,1,24376086530,997,63
Bridgewater Associates (Dalio),1350694,2026-06-30,2026-08-14,48,ES,EVERSOURCE ENERGY,30040W108,30040W,long,common,86372768,1195140,0.354,0,0,1195140,new,no,1,24376086530,997,63
Bridgewater Associates (Dalio),1350694,2026-06-30,2026-08-14,49,,TE CONNECTIVITY PLC,G87052109,G87052,long,common,86030616,426718,0.353,70267089,336174,90544,added,no,1,24376086530,997,63
Bridgewater Associates (Dalio),1350694,2026-06-30,2026-08-14,50,ADI,ANALOG DEVICES INC,032654105,032654,long,common,80708121,203208,0.331,17520924,55073,148135,added,no,1,24376086530,997,63
Bridgewater Associates (Dalio),1350694,2026-06-30,2026-08-14,51,HCA,HCA HEALTHCARE INC,40412C101,40412C,long,common,79227208,203204,0.325,82249585,173801,29403,added,no,1,24376086530,997,63
Bridgewater Associates (Dalio),1350694,2026-06-30,2026-08-14,52,TPR,TAPESTRY INC,876030107,876030,long,common,78963813,539444,0.324,45203883,320345,219099,added,yes,1,24376086530,997,63
Bridgewater Associates (Dalio),1350694,2026-06-30,2026-08-14,53,APP,APPLOVIN CORP,03831W108,03831W,long,common,75533748,146602,0.31,0,0,146602,new,no,1,24376086530,997,63
Bridgewater Associates (Dalio),1350694,2026-06-30,2026-08-14,54,VLO,VALERO ENERGY CORP,91913Y100,91913Y,long,common,74225660,285001,0.305,33108226,133998,151003,added,yes,1,24376086530,997,63
Bridgewater Associates (Dalio),1350694,2026-06-30,2026-08-14,55,C,CITIGROUP INC,172967424,172967,long,common,73152333,522666,0.3,89981082,793414,-270748,trimmed,no,1,24376086530,997,63
Bridgewater Associates (Dalio),1350694,2026-06-30,2026-08-14,56,EOG,EOG RES INC,26875P101,26875P,long,common,69980124,539429,0.287,1817534,12572,526857,added,no,1,24376086530,997,63
Bridgewater Associates (Dalio),1350694,2026-06-30,2026-08-14,57,ED,CONSOLIDATED EDISON INC,209115104,209115,long,common,68993404,623641,0.283,0,0,623641,new,yes,1,24376086530,997,63
Bridgewater Associates (Dalio),1350694,2026-06-30,2026-08-14,58,BKR,BAKER HUGHES COMPANY,05722G100,05722G,long,common,67736751,1220482,0.278,84349427,1381645,-161163,trimmed,no,1,24376086530,997,63
Bridgewater Associates (Dalio),1350694,2026-06-30,2026-08-14,59,NI,NISOURCE INC,65473P105,65473P,long,common,67045548,1410001,0.275,0,0,1410001,new,yes,1,24376086530,997,63
Bridgewater Associates (Dalio),1350694,2026-06-30,2026-08-14,60,,TECHNIPFMC PLC,G87110105,G87110,long,common,65626458,989841,0.269,17337458,250795,739046,added,yes,1,24376086530,997,63
Bridgewater Associates (Dalio),1350694,2026-06-30,2026-08-14,61,NOW,SERVICENOW INC,81762P102,81762P,long,common,63080626,635381,0.259,0,0,635381,new,no,1,24376086530,997,63
Bridgewater Associates (Dalio),1350694,2026-06-30,2026-08-14,62,SLB,SLB LIMITED,806857108,806857,long,common,62243090,1338849,0.255,38273422,744764,594085,added,no,1,24376086530,997,63
Bridgewater Associates (Dalio),1350694,2026-06-30,2026-08-14,63,META,META PLATFORMS INC,30303M102,30303M,long,common,62008653,110083,0.254,166870296,291665,-181582,trimmed,no,1,24376086530,997,63
Point72 Asset Management (Cohen),1603466,2026-06-30,2026-08-14,1,,CREDO TECHNOLOGY GROUP HOLDI,G25457105,G25457,long,common,1673344247,6153132,1.845,702109958,7479599,-1326467,trimmed,yes,1,90675333456,3923,55
Point72 Asset Management (Cohen),1603466,2026-06-30,2026-08-14,2,SPY,STATE STR SPDR S&P 500 ETF T,78462F103,78462F,put,option_put,1163542337,0,1.283,796146228,0,0,added,no,1,90675333456,3923,55
Point72 Asset Management (Cohen),1603466,2026-06-30,2026-08-14,3,,ASML HLDG NV,N07059210,N07059,long,common,1103464780,554661,1.217,745907043,564726,-10065,trimmed,no,1,90675333456,3923,55
Point72 Asset Management (Cohen),1603466,2026-06-30,2026-08-14,4,SPY,STATE STR SPDR S&P 500 ETF T,78462F103,78462F,call,option_call,1068179808,0,1.178,800178336,0,0,added,no,1,90675333456,3923,55
Point72 Asset Management (Cohen),1603466,2026-06-30,2026-08-14,5,AMZN,AMAZON COM INC,023135106,023135,long,common,1060545311,4449716,1.17,1032807598,4958984,-509268,trimmed,no,1,90675333456,3923,55
Point72 Asset Management (Cohen),1603466,2026-06-30,2026-08-14,6,MKSI,MKS INC.,55306N104,55306N,long,common,888195766,1996843,0.98,370070167,1610331,386512,added,no,1,90675333456,3923,55
Point72 Asset Management (Cohen),1603466,2026-06-30,2026-08-14,7,ANET,ARISTA NETWORKS INC,040413205,040413,long,common,873138522,5139737,0.963,803663980,6545561,-1405824,trimmed,yes,1,90675333456,3923,55
Point72 Asset Management (Cohen),1603466,2026-06-30,2026-08-14,8,,SEAGATE TECHNOLOGY HLDNGS PL,G7997R103,G7997R,long,common,794112010,822914,0.876,214049045,546378,276536,added,no,1,90675333456,3923,55
Point72 Asset Management (Cohen),1603466,2026-06-30,2026-08-14,9,AMD,ADVANCED MICRO DEVICES INC,007903107,007903,long,common,771701757,1328436,0.851,287783470,1414656,-86220,trimmed,no,1,90675333456,3923,55
Point72 Asset Management (Cohen),1603466,2026-06-30,2026-08-14,10,TSM,TAIWAN SEMICONDUCTOR MANUFAC,874039100,874039,long,common,765973090,1603897,0.845,627845876,1857807,-253910,trimmed,no,1,90675333456,3923,55
Point72 Asset Management (Cohen),1603466,2026-06-30,2026-08-14,11,SNOW,SNOWFLAKE INC,833445109,833445,long,common,716103447,2813766,0.79,16650528,110400,2703366,added,no,1,90675333456,3923,55
Point72 Asset Management (Cohen),1603466,2026-06-30,2026-08-14,12,PG,PROCTER & GAMBLE CO,742718109,742718,long,common,633924133,4322996,0.699,303368921,2100311,2222685,added,yes,1,90675333456,3923,55
Point72 Asset Management (Cohen),1603466,2026-06-30,2026-08-14,13,RTX,RTX CORPORATION,75513E101,75513E,long,common,625749841,3298107,0.69,394939409,2047379,1250728,added,no,1,90675333456,3923,55
Point72 Asset Management (Cohen),1603466,2026-06-30,2026-08-14,14,COF,CAPITAL ONE FINL CORP,14040H105,14040H,long,common,507425959,2529289,0.56,300774530,1648712,880577,added,no,1,90675333456,3923,55
Point72 Asset Management (Cohen),1603466,2026-06-30,2026-08-14,15,ORCL,ORACLE CORP,68389X105,68389X,long,common,499820499,3410580,0.551,174153526,1183832,2226748,added,no,1,90675333456,3923,55
Point72 Asset Management (Cohen),1603466,2026-06-30,2026-08-14,16,JNJ,JOHNSON & JOHNSON,478160104,478160,put,option_put,483838247,0,0.534,58372272,0,0,added,no,1,90675333456,3923,55
Point72 Asset Management (Cohen),1603466,2026-06-30,2026-08-14,17,MDLZ,MONDELEZ INTL INC,609207105,609207,long,common,475233510,8216347,0.524,283886972,4925173,3291174,added,no,1,90675333456,3923,55
Point72 Asset Management (Cohen),1603466,2026-06-30,2026-08-14,18,KDP,KEURIG DR PEPPER INC,49271V100,49271V,long,common,456535681,13948539,0.503,25876834,982789,12965750,added,yes,1,90675333456,3923,55
Point72 Asset Management (Cohen),1603466,2026-06-30,2026-08-14,19,AMAT,APPLIED MATLS INC,038222105,038222,long,common,433788432,599984,0.478,586895128,1717122,-1117138,trimmed,no,1,90675333456,3923,55
Point72 Asset Management (Cohen),1603466,2026-06-30,2026-08-14,20,IWM,ISHARES TR,464287655,464287,put,option_put,426969495,0,0.471,106764000,0,0,added,no,1,90675333456,3923,55
Point72 Asset Management (Cohen),1603466,2026-06-30,2026-08-14,21,TXN,TEXAS INSTRS INC,882508104,882508,long,common,410469216,1377090,0.453,0,0,1377090,new,no,1,90675333456,3923,55
Point72 Asset Management (Cohen),1603466,2026-06-30,2026-08-14,22,CPNG,COUPANG INC,22266T109,22266T,long,common,389219595,22407576,0.429,147167882,7794909,14612667,added,no,1,90675333456,3923,55
Point72 Asset Management (Cohen),1603466,2026-06-30,2026-08-14,23,HD,HOME DEPOT INC,437076102,437076,long,common,388587409,1101813,0.429,368680757,1120985,-19172,trimmed,no,1,90675333456,3923,55
Point72 Asset Management (Cohen),1603466,2026-06-30,2026-08-14,24,,SPOTIFY TECHNOLOGY S A,L8681T102,L8681T,long,common,387984133,845042,0.428,444234294,916117,-71075,trimmed,no,1,90675333456,3923,55
Point72 Asset Management (Cohen),1603466,2026-06-30,2026-08-14,25,AVGO,BROADCOM INC,11135F101,11135F,long,common,386627125,1023500,0.426,701420228,2266228,-1242728,trimmed,no,1,90675333456,3923,55
Point72 Asset Management (Cohen),1603466,2026-06-30,2026-08-14,26,MU,MICRON TECHNOLOGY INC,595112103,595112,put,option_put,380569413,0,0.42,85676224,0,0,added,no,1,90675333456,3923,55
Point72 Asset Management (Cohen),1603466,2026-06-30,2026-08-14,27,ONTO,ONTO INNOVATION INC,683344105,683344,long,common,367914330,972161,0.406,246834146,1203658,-231497,trimmed,no,1,90675333456,3923,55
Point72 Asset Management (Cohen),1603466,2026-06-30,2026-08-14,28,MU,MICRON TECHNOLOGY INC,595112103,595112,long,common,359772570,311683,0.397,191743457,567557,-255874,trimmed,no,1,90675333456,3923,55
Point72 Asset Management (Cohen),1603466,2026-06-30,2026-08-14,29,FIX,COMFORT SYS USA INC,199908104,199908,long,common,356209928,179727,0.393,302318736,219232,-39505,trimmed,no,1,90675333456,3923,55
Point72 Asset Management (Cohen),1603466,2026-06-30,2026-08-14,30,UNH,UNITEDHEALTH GROUP INC,91324P102,91324P,long,common,345328264,830855,0.381,113509529,419489,411366,added,no,1,90675333456,3923,55
Point72 Asset Management (Cohen),1603466,2026-06-30,2026-08-14,31,STZ,CONSTELLATION BRANDS INC,21036P108,21036P,long,common,342629716,2463367,0.378,283782750,1891885,571482,added,no,1,90675333456,3923,55
Point72 Asset Management (Cohen),1603466,2026-06-30,2026-08-14,32,XYZ,BLOCK INC,852234103,852234,long,common,339743256,4470306,0.375,379033800,6298335,-1828029,trimmed,no,1,90675333456,3923,55
Point72 Asset Management (Cohen),1603466,2026-06-30,2026-08-14,33,,AMER SPORTS INC,G0260P102,G0260P,long,common,329017386,9722736,0.363,326347515,9913351,-190615,trimmed,no,1,90675333456,3923,55
Point72 Asset Management (Cohen),1603466,2026-06-30,2026-08-14,34,EQIX,EQUINIX INC,29444U700,29444U,long,common,328739577,315371,0.363,524232352,534800,-219429,trimmed,no,1,90675333456,3923,55
Point72 Asset Management (Cohen),1603466,2026-06-30,2026-08-14,35,META,META PLATFORMS INC,30303M102,30303M,long,common,319854651,567833,0.353,519639361,908254,-340421,trimmed,no,1,90675333456,3923,55
Point72 Asset Management (Cohen),1603466,2026-06-30,2026-08-14,36,AKAM,AKAMAI TECHNOLOGIES INC,00971T101,00971T,long,common,304468650,2575659,0.336,379098603,3300815,-725156,trimmed,yes,1,90675333456,3923,55
Point72 Asset Management (Cohen),1603466,2026-06-30,2026-08-14,37,PPL,PPL CORP,69351T106,69351T,long,common,303695926,8354771,0.335,216186177,5659324,2695447,added,no,1,90675333456,3923,55
Point72 Asset Management (Cohen),1603466,2026-06-30,2026-08-14,38,PG,PROCTER & GAMBLE CO,742718109,742718,call,option_call,300597336,0,0.332,99735820,0,0,added,yes,1,90675333456,3923,55
Point72 Asset Management (Cohen),1603466,2026-06-30,2026-08-14,39,SE,SEA LTD,81141R100,81141R,long,common,289615797,3022183,0.319,154987941,1871609,1150574,added,no,1,90675333456,3923,55
Point72 Asset Management (Cohen),1603466,2026-06-30,2026-08-14,40,INTC,INTEL CORP,458140100,458140,long,common,282694200,2024595,0.312,130082619,2947714,-923119,trimmed,no,1,90675333456,3923,55
Point72 Asset Management (Cohen),1603466,2026-06-30,2026-08-14,41,V,VISA INC,92826C839,92826C,long,common,278912271,812942,0.308,229440358,759133,53809,added,no,1,90675333456,3923,55
Point72 Asset Management (Cohen),1603466,2026-06-30,2026-08-14,42,VSH,VISHAY INTERTECHNOLOGY INC,928298108,928298,long,common,267589113,4975625,0.295,32008032,1778224,3197401,added,no,1,90675333456,3923,55
Point72 Asset Management (Cohen),1603466,2026-06-30,2026-08-14,43,,CARNIVAL CORP LTD,G2004J103,G2004J,long,common,264378495,9253710,0.292,0,0,9253710,new,no,1,90675333456,3923,55
Point72 Asset Management (Cohen),1603466,2026-06-30,2026-08-14,44,MU,MICRON TECHNOLOGY INC,595112103,595112,call,option_call,256829525,0,0.283,90101928,0,0,added,no,1,90675333456,3923,55
Point72 Asset Management (Cohen),1603466,2026-06-30,2026-08-14,45,UNP,UNION PAC CORP,907818108,907818,long,common,253238528,931024,0.279,66978648,276064,654960,added,no,1,90675333456,3923,55
Point72 Asset Management (Cohen),1603466,2026-06-30,2026-08-14,46,OKTA,OKTA INC,679295105,679295,long,common,252674562,1851774,0.279,218085024,2770741,-918967,trimmed,yes,1,90675333456,3923,55
Point72 Asset Management (Cohen),1603466,2026-06-30,2026-08-14,47,OXY,OCCIDENTAL PETE CORP,674599105,674599,long,common,252256455,5193668,0.278,174223725,2680365,2513303,added,no,1,90675333456,3923,55
Point72 Asset Management (Cohen),1603466,2026-06-30,2026-08-14,48,UAL,UNITED AIRLS HLDGS INC,910047109,910047,long,common,245248174,1803428,0.27,150410800,1633657,169771,added,no,1,90675333456,3923,55
Point72 Asset Management (Cohen),1603466,2026-06-30,2026-08-14,49,ATI,ATI INC,01741R102,01741R,long,common,244472591,1240348,0.27,281112941,1932579,-692231,trimmed,no,1,90675333456,3923,55
Point72 Asset Management (Cohen),1603466,2026-06-30,2026-08-14,50,AEE,AMEREN CORP,023608102,023608,long,common,241863775,2139630,0.267,76476730,695749,1443881,added,yes,1,90675333456,3923,55
Point72 Asset Management (Cohen),1603466,2026-06-30,2026-08-14,51,MA,MASTERCARD INCORPORATED,57636Q104,57636Q,long,common,238287288,463955,0.263,38350904,76754,387201,added,no,1,90675333456,3923,55
Point72 Asset Management (Cohen),1603466,2026-06-30,2026-08-14,52,VST,VISTRA CORP,92840M102,92840M,long,common,234528903,1478465,0.259,138109073,918706,559759,added,no,1,90675333456,3923,55
Point72 Asset Management (Cohen),1603466,2026-06-30,2026-08-14,53,ATO,ATMOS ENERGY CORP,049560105,049560,long,common,234487378,1361162,0.259,0,0,1361162,new,yes,1,90675333456,3923,55
Point72 Asset Management (Cohen),1603466,2026-06-30,2026-08-14,54,STM,STMICROELECTRONICS N V,861012102,861012,long,common,232491586,3104441,0.256,13286894,384570,2719871,added,no,1,90675333456,3923,55
Point72 Asset Management (Cohen),1603466,2026-06-30,2026-08-14,55,LSCC,LATTICE SEMICONDUCTOR CORP,518415104,518415,long,common,228202401,1491909,0.252,13805007,148825,1343084,added,yes,1,90675333456,3923,55
D.E. Shaw & Co (Shaw),1009207,2026-06-30,2026-08-14,1,SPY,STATE STR SPDR S&P 500 ETF T,78462F103,78462F,long,common,10475861318,14028230,4.984,484834974,745510,13282720,added,no,1,210202510998,4833,58
D.E. Shaw & Co (Shaw),1009207,2026-06-30,2026-08-14,2,NVDA,NVIDIA CORPORATION,67066G104,67066G,long,common,4010367454,20042818,1.908,2564589496,14705215,5337603,added,no,1,210202510998,4833,58
D.E. Shaw & Co (Shaw),1009207,2026-06-30,2026-08-14,3,GOOGL,ALPHABET INC,02079K305,02079K,long,common,2828842286,7915724,1.346,1972738954,6860269,1055455,added,no,1,210202510998,4833,58
D.E. Shaw & Co (Shaw),1009207,2026-06-30,2026-08-14,4,AMZN,AMAZON COM INC,023135106,023135,long,common,2608841754,10945883,1.241,985372022,4731224,6214659,added,no,1,210202510998,4833,58
D.E. Shaw & Co (Shaw),1009207,2026-06-30,2026-08-14,5,GOOG,ALPHABET INC,02079K107,02079K,long,common,2385407502,6751217,1.135,1430810348,4987835,1763382,added,no,1,210202510998,4833,58
D.E. Shaw & Co (Shaw),1009207,2026-06-30,2026-08-14,6,QQQ,INVESCO QQQ TR,46090E103,46090E,call,option_call,2356480000,0,1.121,432885000,0,0,added,yes,1,210202510998,4833,58
D.E. Shaw & Co (Shaw),1009207,2026-06-30,2026-08-14,7,META,META PLATFORMS INC,30303M102,30303M,long,common,1913547390,3397091,0.91,1079336976,1886524,1510567,added,no,1,210202510998,4833,58
D.E. Shaw & Co (Shaw),1009207,2026-06-30,2026-08-14,8,TSLA,TESLA INC,88160R101,88160R,long,common,1829396335,4349492,0.87,1619860848,4357393,-7901,trimmed,no,1,210202510998,4833,58
D.E. Shaw & Co (Shaw),1009207,2026-06-30,2026-08-14,9,AMD,ADVANCED MICRO DEVICES INC,007903107,007903,long,common,1790642295,3082478,0.852,783879057,3853311,-770833,trimmed,no,1,210202510998,4833,58
D.E. Shaw & Co (Shaw),1009207,2026-06-30,2026-08-14,10,CRWD,CROWDSTRIKE HLDGS INC,22788C105,22788C,long,common,1628007325,2133301,0.774,708386452,1814468,318833,added,yes,1,210202510998,4833,58
D.E. Shaw & Co (Shaw),1009207,2026-06-30,2026-08-14,11,AAPL,APPLE INC,037833100,037833,long,common,1621473900,5603656,0.771,1773937789,6989786,-1386130,trimmed,no,1,210202510998,4833,58
D.E. Shaw & Co (Shaw),1009207,2026-06-30,2026-08-14,12,HD,HOME DEPOT INC,437076102,437076,long,common,1522106924,4315830,0.724,1236695138,3760209,555621,added,no,1,210202510998,4833,58
D.E. Shaw & Co (Shaw),1009207,2026-06-30,2026-08-14,13,MSFT,MICROSOFT CORP,594918104,594918,long,common,1329366065,3563793,0.632,2283197455,6167970,-2604177,trimmed,no,1,210202510998,4833,58
D.E. Shaw & Co (Shaw),1009207,2026-06-30,2026-08-14,14,,SEAGATE TECHNOLOGY HLDNGS PL,G7997R103,G7997R,long,common,1306973805,1354377,0.622,505203118,1289573,64804,added,no,1,210202510998,4833,58
D.E. Shaw & Co (Shaw),1009207,2026-06-30,2026-08-14,15,SNDK,SANDISK CORP,80004C200,80004C,long,common,1277633898,561911,0.608,745208076,1172928,-611017,trimmed,no,1,210202510998,4833,58
D.E. Shaw & Co (Shaw),1009207,2026-06-30,2026-08-14,16,BE,BLOOM ENERGY CORP,093712107,093712,long,common,1258715897,4158295,0.599,570339329,4209457,-51162,trimmed,no,1,210202510998,4833,58
D.E. Shaw & Co (Shaw),1009207,2026-06-30,2026-08-14,17,WDC,WESTERN DIGITAL CORP,958102105,958102,long,common,1214709393,1901787,0.578,727139332,2688230,-786443,trimmed,no,1,210202510998,4833,58
D.E. Shaw & Co (Shaw),1009207,2026-06-30,2026-08-14,18,MU,MICRON TECHNOLOGY INC,595112103,595112,put,option_put,1209234204,0,0.575,442131208,0,0,added,no,1,210202510998,4833,58
D.E. Shaw & Co (Shaw),1009207,2026-06-30,2026-08-14,19,INTC,INTEL CORP,458140100,458140,long,common,1171519158,8390168,0.557,748294096,16956585,-8566417,trimmed,no,1,210202510998,4833,58
D.E. Shaw & Co (Shaw),1009207,2026-06-30,2026-08-14,20,GM,GENERAL MTRS CO,37045V100,37045V,long,common,1156264516,15000837,0.55,917693906,12318039,2682798,added,no,1,210202510998,4833,58
D.E. Shaw & Co (Shaw),1009207,2026-06-30,2026-08-14,21,BSX,BOSTON SCIENTIFIC CORP,101137107,101137,long,common,1086522216,25457409,0.517,1525600089,24312352,1145057,added,yes,1,210202510998,4833,58
D.E. Shaw & Co (Shaw),1009207,2026-06-30,2026-08-14,22,WBD,WARNER BROS DISCOVERY INC,934423104,934423,long,common,1086408064,40750490,0.517,408863006,14889403,25861087,added,no,1,210202510998,4833,58
D.E. Shaw & Co (Shaw),1009207,2026-06-30,2026-08-14,23,AVGO,BROADCOM INC,11135F101,11135F,long,common,1028296318,2722161,0.489,2020390903,6527708,-3805547,trimmed,no,1,210202510998,4833,58
D.E. Shaw & Co (Shaw),1009207,2026-06-30,2026-08-14,24,MA,MASTERCARD INCORPORATED,57636Q104,57636Q,long,common,1020690120,1987325,0.486,567723186,1136219,851106,added,no,1,210202510998,4833,58
D.E. Shaw & Co (Shaw),1009207,2026-06-30,2026-08-14,25,MU,MICRON TECHNOLOGY INC,595112103,595112,call,option_call,980684784,0,0.467,286555888,0,0,added,no,1,210202510998,4833,58
D.E. Shaw & Co (Shaw),1009207,2026-06-30,2026-08-14,26,BRK/B,BERKSHIRE HATHAWAY INC DEL,084670702,084670,long,common,961015007,1920532,0.457,224363357,468204,1452328,added,no,1,210202510998,4833,58
D.E. Shaw & Co (Shaw),1009207,2026-06-30,2026-08-14,27,AMD,ADVANCED MICRO DEVICES INC,007903107,007903,put,option_put,921729897,0,0.438,384584415,0,0,added,no,1,210202510998,4833,58
D.E. Shaw & Co (Shaw),1009207,2026-06-30,2026-08-14,28,COF,CAPITAL ONE FINL CORP,14040H105,14040H,long,common,918781019,4579708,0.437,431073151,2362951,2216757,added,no,1,210202510998,4833,58
D.E. Shaw & Co (Shaw),1009207,2026-06-30,2026-08-14,29,SPCX,SPACE EXPLORATION TECHN CORP,84615Q103,84615Q,long,common,912392400,5340000,0.434,0,0,5340000,new,no,1,210202510998,4833,58
D.E. Shaw & Co (Shaw),1009207,2026-06-30,2026-08-14,30,MU,MICRON TECHNOLOGY INC,595112103,595112,long,common,887386987,768773,0.422,1235979531,3658476,-2889703,trimmed,no,1,210202510998,4833,58
D.E. Shaw & Co (Shaw),1009207,2026-06-30,2026-08-14,31,V,VISA INC,92826C839,92826C,long,common,886138685,2582817,0.422,692054946,2289753,293064,added,no,1,210202510998,4833,58
D.E. Shaw & Co (Shaw),1009207,2026-06-30,2026-08-14,32,NSC,NORFOLK SOUTHN CORP,655844108,655844,long,common,818312137,2601202,0.389,649618760,2263480,337722,added,no,1,210202510998,4833,58
D.E. Shaw & Co (Shaw),1009207,2026-06-30,2026-08-14,33,COST,COSTCO WHOLESALE CORPORATION,22160K105,22160K,long,common,816960919,873316,0.389,881997986,885158,-11842,trimmed,yes,1,210202510998,4833,58
D.E. Shaw & Co (Shaw),1009207,2026-06-30,2026-08-14,34,MMM,3M CO,88579Y101,88579Y,long,common,788690164,4871164,0.375,768515044,5291710,-420546,trimmed,no,1,210202510998,4833,58
D.E. Shaw & Co (Shaw),1009207,2026-06-30,2026-08-14,35,C,CITIGROUP INC,172967424,172967,long,common,786032435,5616122,0.374,603724186,5323377,292745,added,no,1,210202510998,4833,58
D.E. Shaw & Co (Shaw),1009207,2026-06-30,2026-08-14,36,NVDA,NVIDIA CORPORATION,67066G104,67066G,put,option_put,781771639,0,0.372,707680320,0,0,added,no,1,210202510998,4833,58
D.E. Shaw & Co (Shaw),1009207,2026-06-30,2026-08-14,37,MRVL,MARVELL TECHNOLOGY INC,573874104,573874,long,common,746102146,2504623,0.355,32738006,330520,2174103,added,no,1,210202510998,4833,58
D.E. Shaw & Co (Shaw),1009207,2026-06-30,2026-08-14,38,FTNT,FORTINET INC,34959E109,34959E,long,common,745027966,4849811,0.354,234318779,2867337,1982474,added,yes,1,210202510998,4833,58
D.E. Shaw & Co (Shaw),1009207,2026-06-30,2026-08-14,39,SHW,SHERWIN WILLIAMS CO,824348106,824348,long,common,723376379,2100884,0.344,476523860,1486582,614302,added,yes,1,210202510998,4833,58
D.E. Shaw & Co (Shaw),1009207,2026-06-30,2026-08-14,40,AMD,ADVANCED MICRO DEVICES INC,007903107,007903,call,option_call,720270309,0,0.343,315113070,0,0,added,no,1,210202510998,4833,58
D.E. Shaw & Co (Shaw),1009207,2026-06-30,2026-08-14,41,WFC,WELLS FARGO & CO,949746101,949746,long,common,708694856,8575688,0.337,178584655,2243244,6332444,added,yes,1,210202510998,4833,58
D.E. Shaw & Co (Shaw),1009207,2026-06-30,2026-08-14,42,CLS,CELESTICA INC,15101Q207,15101Q,long,common,684276527,1876165,0.326,280292329,994885,881280,added,no,1,210202510998,4833,58
D.E. Shaw & Co (Shaw),1009207,2026-06-30,2026-08-14,43,COHR,COHERENT CORP,19247G107,19247G,long,common,647984035,1642670,0.308,26799101,112502,1530168,added,no,1,210202510998,4833,58
D.E. Shaw & Co (Shaw),1009207,2026-06-30,2026-08-14,44,LITE,LUMENTUM HLDGS INC,55024U109,55024U,put,option_put,636423102,0,0.303,451312472,0,0,added,yes,1,210202510998,4833,58
D.E. Shaw & Co (Shaw),1009207,2026-06-30,2026-08-14,45,ICE,INTERCONTINENTAL EXCHANGE IN,45866F104,45866F,long,common,633426434,5145207,0.301,389183855,2474465,2670742,added,no,1,210202510998,4833,58
D.E. Shaw & Co (Shaw),1009207,2026-06-30,2026-08-14,46,GOOGL,ALPHABET INC,02079K305,02079K,call,option_call,631008209,0,0.3,558355252,0,0,added,no,1,210202510998,4833,58
D.E. Shaw & Co (Shaw),1009207,2026-06-30,2026-08-14,47,INSM,INSMED INC,457669307,457669,long,common,626707989,5877959,0.298,919934904,5625825,252134,added,no,1,210202510998,4833,58
D.E. Shaw & Co (Shaw),1009207,2026-06-30,2026-08-14,48,BE,BLOOM ENERGY CORP,093712107,093712,put,option_put,614602080,0,0.292,259829173,0,0,added,no,1,210202510998,4833,58
D.E. Shaw & Co (Shaw),1009207,2026-06-30,2026-08-14,49,TRGP,TARGA RES CORP,87612G101,87612G,long,common,611306644,2279804,0.291,608778709,2428025,-148221,trimmed,no,1,210202510998,4833,58
D.E. Shaw & Co (Shaw),1009207,2026-06-30,2026-08-14,50,LITE,LUMENTUM HLDGS INC,55024U109,55024U,call,option_call,604932300,0,0.288,485185504,0,0,added,yes,1,210202510998,4833,58
D.E. Shaw & Co (Shaw),1009207,2026-06-30,2026-08-14,51,LLY,ELI LILLY & CO,532457108,532457,long,common,595592559,496563,0.283,586244842,637382,-140819,trimmed,no,1,210202510998,4833,58
D.E. Shaw & Co (Shaw),1009207,2026-06-30,2026-08-14,52,AMZN,AMAZON COM INC,023135106,023135,put,option_put,573326870,0,0.273,376781257,0,0,added,no,1,210202510998,4833,58
D.E. Shaw & Co (Shaw),1009207,2026-06-30,2026-08-14,53,LITE,LUMENTUM HLDGS INC,55024U109,55024U,long,common,573193519,668011,0.273,9842857,14006,654005,added,yes,1,210202510998,4833,58
D.E. Shaw & Co (Shaw),1009207,2026-06-30,2026-08-14,54,INTU,INTUIT,461202103,461202,long,common,557367849,2135509,0.265,7752141,17929,2117580,added,yes,1,210202510998,4833,58
D.E. Shaw & Co (Shaw),1009207,2026-06-30,2026-08-14,55,MSFT,MICROSOFT CORP,594918104,594918,put,option_put,539461524,0,0.257,505282050,0,0,added,no,1,210202510998,4833,58
D.E. Shaw & Co (Shaw),1009207,2026-06-30,2026-08-14,56,AXP,AMERICAN EXPRESS CO,025816109,025816,long,common,534469840,1580103,0.254,599617598,1982338,-402235,trimmed,no,1,210202510998,4833,58
D.E. Shaw & Co (Shaw),1009207,2026-06-30,2026-08-14,57,SCHW,SCHWAB CHARLES CORP,808513105,808513,long,common,533284338,5779607,0.254,245834105,2615813,3163794,added,yes,1,210202510998,4833,58
D.E. Shaw & Co (Shaw),1009207,2026-06-30,2026-08-14,58,ABBV,ABBVIE INC,00287Y109,00287Y,long,common,529026798,2102316,0.252,146368595,672990,1429326,added,no,1,210202510998,4833,58
Citadel Advisors (Griffin),1423053,2026-06-30,2026-08-14,1,SPY,STATE STR SPDR S&P 500 ETF T,78462F103,78462F,call,option_call,35656923314,0,4.075,17577389520,0,0,added,no,1,875096281441,13575,58
Citadel Advisors (Griffin),1423053,2026-06-30,2026-08-14,2,QQQ,INVESCO QQQ TR,46090E103,46090E,put,option_put,26554510360,0,3.034,20542586534,0,0,added,yes,1,875096281441,13575,58
Citadel Advisors (Griffin),1423053,2026-06-30,2026-08-14,3,QQQ,INVESCO QQQ TR,46090E103,46090E,call,option_call,23490644520,0,2.684,11252874434,0,0,added,yes,1,875096281441,13575,58
Citadel Advisors (Griffin),1423053,2026-06-30,2026-08-14,4,SPY,STATE STR SPDR S&P 500 ETF T,78462F103,78462F,put,option_put,23265469996,0,2.659,24186274668,0,0,trimmed,no,1,875096281441,13575,58
Citadel Advisors (Griffin),1423053,2026-06-30,2026-08-14,5,MU,MICRON TECHNOLOGY INC,595112103,595112,put,option_put,22249286037,0,2.542,5647333440,0,0,added,no,1,875096281441,13575,58
Citadel Advisors (Griffin),1423053,2026-06-30,2026-08-14,6,MU,MICRON TECHNOLOGY INC,595112103,595112,call,option_call,16339782953,0,1.867,3485630416,0,0,added,no,1,875096281441,13575,58
Citadel Advisors (Griffin),1423053,2026-06-30,2026-08-14,7,TSLA,TESLA INC,88160R101,88160R,call,option_call,13696712820,0,1.565,13532815250,0,0,added,no,1,875096281441,13575,58
Citadel Advisors (Griffin),1423053,2026-06-30,2026-08-14,8,IVV,ISHARES TR,464287200,464287,long,common,13237745847,17676489,1.513,2652522508,4060750,13615739,added,yes,1,875096281441,13575,58
Citadel Advisors (Griffin),1423053,2026-06-30,2026-08-14,9,NVDA,NVIDIA CORPORATION,67066G104,67066G,call,option_call,12185400964,0,1.392,11665267200,0,0,added,no,1,875096281441,13575,58
Citadel Advisors (Griffin),1423053,2026-06-30,2026-08-14,10,SNDK,SANDISK CORP,80004C200,80004C,put,option_put,11723235920,0,1.34,1564470746,0,0,added,no,1,875096281441,13575,58
Citadel Advisors (Griffin),1423053,2026-06-30,2026-08-14,11,SMH,VANECK ETF TRUST,92189F676,92189F,put,option_put,11568194286,0,1.322,1759345920,0,0,added,yes,1,875096281441,13575,58
Citadel Advisors (Griffin),1423053,2026-06-30,2026-08-14,12,SNDK,SANDISK CORP,80004C200,80004C,call,option_call,10337513445,0,1.181,2243702575,0,0,added,no,1,875096281441,13575,58
Citadel Advisors (Griffin),1423053,2026-06-30,2026-08-14,13,MSFT,MICROSOFT CORP,594918104,594918,call,option_call,9695685048,0,1.108,7023901716,0,0,added,no,1,875096281441,13575,58
Citadel Advisors (Griffin),1423053,2026-06-30,2026-08-14,14,TSLA,TESLA INC,88160R101,88160R,put,option_put,9588081720,0,1.096,9452561600,0,0,added,no,1,875096281441,13575,58
Citadel Advisors (Griffin),1423053,2026-06-30,2026-08-14,15,AMD,ADVANCED MICRO DEVICES INC,007903107,007903,put,option_put,9357879190,0,1.069,2595705771,0,0,added,no,1,875096281441,13575,58
Citadel Advisors (Griffin),1423053,2026-06-30,2026-08-14,16,NVDA,NVIDIA CORPORATION,67066G104,67066G,put,option_put,9183890892,0,1.049,9014788320,0,0,added,no,1,875096281441,13575,58
Citadel Advisors (Griffin),1423053,2026-06-30,2026-08-14,17,AAPL,APPLE INC,037833100,037833,call,option_call,9037667688,0,1.033,8075826211,0,0,added,no,1,875096281441,13575,58
Citadel Advisors (Griffin),1423053,2026-06-30,2026-08-14,18,AMD,ADVANCED MICRO DEVICES INC,007903107,007903,call,option_call,9022055119,0,1.031,2847775884,0,0,added,no,1,875096281441,13575,58
Citadel Advisors (Griffin),1423053,2026-06-30,2026-08-14,19,META,META PLATFORMS INC,30303M102,30303M,call,option_call,8675623593,0,0.991,7606010646,0,0,added,no,1,875096281441,13575,58
Citadel Advisors (Griffin),1423053,2026-06-30,2026-08-14,20,IWM,ISHARES TR,464287655,464287,put,option_put,7837779060,0,0.896,5260352800,0,0,added,no,1,875096281441,13575,58
Citadel Advisors (Griffin),1423053,2026-06-30,2026-08-14,21,GOOGL,ALPHABET INC,02079K305,02079K,call,option_call,7199790442,0,0.823,5017864488,0,0,added,no,1,875096281441,13575,58
Citadel Advisors (Griffin),1423053,2026-06-30,2026-08-14,22,MSFT,MICROSOFT CORP,594918104,594918,put,option_put,6326232690,0,0.723,3910290795,0,0,added,no,1,875096281441,13575,58
Citadel Advisors (Griffin),1423053,2026-06-30,2026-08-14,23,AAPL,APPLE INC,037833100,037833,put,option_put,6242681576,0,0.713,4659152957,0,0,added,no,1,875096281441,13575,58
Citadel Advisors (Griffin),1423053,2026-06-30,2026-08-14,24,AMZN,AMAZON COM INC,023135106,023135,call,option_call,5931257738,0,0.678,5283914035,0,0,added,no,1,875096281441,13575,58
Citadel Advisors (Griffin),1423053,2026-06-30,2026-08-14,25,META,META PLATFORMS INC,30303M102,30303M,put,option_put,5084424527,0,0.581,5059402803,0,0,added,no,1,875096281441,13575,58
Citadel Advisors (Griffin),1423053,2026-06-30,2026-08-14,26,SMH,VANECK ETF TRUST,92189F676,92189F,call,option_call,4936556085,0,0.564,1614727440,0,0,added,yes,1,875096281441,13575,58
Citadel Advisors (Griffin),1423053,2026-06-30,2026-08-14,27,GLD,SPDR GOLD TR,78463V107,78463V,call,option_call,4887886868,0,0.559,9428557509,0,0,trimmed,no,1,875096281441,13575,58
Citadel Advisors (Griffin),1423053,2026-06-30,2026-08-14,28,IWM,ISHARES TR,464287655,464287,call,option_call,4742092485,0,0.542,3740088000,0,0,added,no,1,875096281441,13575,58
Citadel Advisors (Griffin),1423053,2026-06-30,2026-08-14,29,TSM,TAIWAN SEMICONDUCTOR MANUFAC,874039100,874039,put,option_put,4649382735,0,0.531,2945437020,0,0,added,no,1,875096281441,13575,58
Citadel Advisors (Griffin),1423053,2026-06-30,2026-08-14,30,GOOGL,ALPHABET INC,02079K305,02079K,put,option_put,4508151076,0,0.515,4337928868,0,0,added,no,1,875096281441,13575,58
Citadel Advisors (Griffin),1423053,2026-06-30,2026-08-14,31,INTC,INTEL CORP,458140100,458140,put,option_put,4351624802,0,0.497,1344645513,0,0,added,no,1,875096281441,13575,58
Citadel Advisors (Griffin),1423053,2026-06-30,2026-08-14,32,GOOG,ALPHABET INC,02079K107,02079K,call,option_call,4101525306,0,0.469,2961542640,0,0,added,no,1,875096281441,13575,58
Citadel Advisors (Griffin),1423053,2026-06-30,2026-08-14,33,AVGO,BROADCOM INC,11135F101,11135F,call,option_call,3782033000,0,0.432,2889244899,0,0,added,no,1,875096281441,13575,58
Citadel Advisors (Griffin),1423053,2026-06-30,2026-08-14,34,TSM,TAIWAN SEMICONDUCTOR MANUFAC,874039100,874039,call,option_call,3733403475,0,0.427,1073430585,0,0,added,no,1,875096281441,13575,58
Citadel Advisors (Griffin),1423053,2026-06-30,2026-08-14,35,AMZN,AMAZON COM INC,023135106,023135,put,option_put,3725039694,0,0.426,3771644738,0,0,trimmed,no,1,875096281441,13575,58
Citadel Advisors (Griffin),1423053,2026-06-30,2026-08-14,36,WDC,WESTERN DIGITAL CORP,958102105,958102,put,option_put,3690332544,0,0.422,962457518,0,0,added,no,1,875096281441,13575,58
Citadel Advisors (Griffin),1423053,2026-06-30,2026-08-14,37,GS,GOLDMAN SACHS GROUP INC,38141G104,38141G,call,option_call,3616861394,0,0.413,2893116602,0,0,added,no,1,875096281441,13575,58
Citadel Advisors (Griffin),1423053,2026-06-30,2026-08-14,38,INTC,INTEL CORP,458140100,458140,call,option_call,3386655835,0,0.387,811625721,0,0,added,no,1,875096281441,13575,58
Citadel Advisors (Griffin),1423053,2026-06-30,2026-08-14,39,HYG,ISHARES TR,464288513,464288,put,option_put,3334780988,0,0.381,3474894384,0,0,trimmed,yes,1,875096281441,13575,58
Citadel Advisors (Griffin),1423053,2026-06-30,2026-08-14,40,GOOG,ALPHABET INC,02079K107,02079K,put,option_put,3059484470,0,0.35,2007761826,0,0,added,no,1,875096281441,13575,58
Citadel Advisors (Griffin),1423053,2026-06-30,2026-08-14,41,,SEAGATE TECHNOLOGY HLDNGS PL,G7997R103,G7997R,put,option_put,3053935500,0,0.349,792256248,0,0,added,no,1,875096281441,13575,58
Citadel Advisors (Griffin),1423053,2026-06-30,2026-08-14,42,GLD,SPDR GOLD TR,78463V107,78463V,put,option_put,3010180332,0,0.344,5311284615,0,0,trimmed,no,1,875096281441,13575,58
Citadel Advisors (Griffin),1423053,2026-06-30,2026-08-14,43,AVGO,BROADCOM INC,11135F101,11135F,put,option_put,2958198025,0,0.338,2576794554,0,0,added,no,1,875096281441,13575,58
Citadel Advisors (Griffin),1423053,2026-06-30,2026-08-14,44,CAT,CATERPILLAR INC,149123101,149123,put,option_put,2908561370,0,0.332,1130773006,0,0,added,no,1,875096281441,13575,58
Citadel Advisors (Griffin),1423053,2026-06-30,2026-08-14,45,TLT,ISHARES TR,464287432,464287,call,option_call,2862982254,0,0.327,2545764547,0,0,added,yes,1,875096281441,13575,58
Citadel Advisors (Griffin),1423053,2026-06-30,2026-08-14,46,,ASML HLDG NV,N07059210,N07059,put,option_put,2858029504,0,0.327,1508916192,0,0,added,no,1,875096281441,13575,58
Citadel Advisors (Griffin),1423053,2026-06-30,2026-08-14,47,MRVL,MARVELL TECHNOLOGY INC,573874104,573874,put,option_put,2848781648,0,0.326,479362380,0,0,added,no,1,875096281441,13575,58
Citadel Advisors (Griffin),1423053,2026-06-30,2026-08-14,48,LLY,ELI LILLY & CO,532457108,532457,put,option_put,2817700956,0,0.322,1454892186,0,0,added,no,1,875096281441,13575,58
Citadel Advisors (Griffin),1423053,2026-06-30,2026-08-14,49,TLT,ISHARES TR,464287432,464287,put,option_put,2714262076,0,0.31,1624067798,0,0,added,yes,1,875096281441,13575,58
Citadel Advisors (Griffin),1423053,2026-06-30,2026-08-14,50,UNH,UNITEDHEALTH GROUP INC,91324P102,91324P,call,option_call,2632849798,0,0.301,2377214327,0,0,added,no,1,875096281441,13575,58
Citadel Advisors (Griffin),1423053,2026-06-30,2026-08-14,51,AMZN,AMAZON COM INC,023135106,023135,long,common,2593616595,10882003,0.296,1687515381,8102537,2779466,added,no,1,875096281441,13575,58
Citadel Advisors (Griffin),1423053,2026-06-30,2026-08-14,52,GS,GOLDMAN SACHS GROUP INC,38141G104,38141G,put,option_put,2532470480,0,0.289,2069799134,0,0,added,no,1,875096281441,13575,58
Citadel Advisors (Griffin),1423053,2026-06-30,2026-08-14,53,MRVL,MARVELL TECHNOLOGY INC,573874104,573874,call,option_call,2466678145,0,0.282,357035630,0,0,added,no,1,875096281441,13575,58
Citadel Advisors (Griffin),1423053,2026-06-30,2026-08-14,54,NVDA,NVIDIA CORPORATION,67066G104,67066G,long,common,2364156792,11815467,0.27,3255151758,18664861,-6849394,trimmed,no,1,875096281441,13575,58
Citadel Advisors (Griffin),1423053,2026-06-30,2026-08-14,55,UNH,UNITEDHEALTH GROUP INC,91324P102,91324P,put,option_put,2340745034,0,0.267,2012296653,0,0,added,no,1,875096281441,13575,58
Citadel Advisors (Griffin),1423053,2026-06-30,2026-08-14,56,CAT,CATERPILLAR INC,149123101,149123,call,option_call,2296776320,0,0.262,1440228334,0,0,added,no,1,875096281441,13575,58
Citadel Advisors (Griffin),1423053,2026-06-30,2026-08-14,57,LLY,ELI LILLY & CO,532457108,532457,call,option_call,2256727545,0,0.258,1583016147,0,0,added,no,1,875096281441,13575,58
Citadel Advisors (Griffin),1423053,2026-06-30,2026-08-14,58,NFLX,NETFLIX INC.,64110L106,64110L,call,option_call,2254162260,0,0.258,2549196105,0,0,trimmed,no,1,875096281441,13575,58
Millennium Management (Englander),1273087,2026-06-30,2026-08-14,1,IVV,ISHARES  TR,464287200,464287,long,common,10861849635,14503932,3.931,8482458337,12985806,1518126,added,yes,1,276293649404,5795,52
Millennium Management (Englander),1273087,2026-06-30,2026-08-14,2,IWM,ISHARES  TR,464287655,464287,put,option_put,9999877350,0,3.619,9961961600,0,0,added,no,1,276293649404,5795,52
Millennium Management (Englander),1273087,2026-06-30,2026-08-14,3,NVDA,NVIDIA  CORPORATION,67066G104,67066G,put,option_put,5095131778,0,1.844,4118979200,0,0,added,no,1,276293649404,5795,52
Millennium Management (Englander),1273087,2026-06-30,2026-08-14,4,IWM,ISHARES  TR,464287655,464287,call,option_call,4362233550,0,1.579,2973594400,0,0,added,no,1,276293649404,5795,52
Millennium Management (Englander),1273087,2026-06-30,2026-08-14,5,QQQ,INVESCO  QQQ  TR,46090E103,46090E,put,option_put,3992908080,0,1.445,3491708128,0,0,added,yes,1,276293649404,5795,52
Millennium Management (Englander),1273087,2026-06-30,2026-08-14,6,SPY,STATE  STR    SPDR  S&P  500  ETF   T,78462F103,78462F,long,common,3627143288,4857109,1.313,405111093,622922,4234187,added,no,1,276293649404,5795,52
Millennium Management (Englander),1273087,2026-06-30,2026-08-14,7,SPY,STATE  STR    SPDR  S&P  500  ETF   T,78462F103,78462F,call,option_call,3544319774,0,1.283,1022854752,0,0,added,no,1,276293649404,5795,52
Millennium Management (Englander),1273087,2026-06-30,2026-08-14,8,MU,MICRON   TECHNOLOGY   INC,595112103,595112,put,option_put,3259830389,0,1.18,614767448,0,0,added,no,1,276293649404,5795,52
Millennium Management (Englander),1273087,2026-06-30,2026-08-14,9,SPY,STATE  STR    SPDR  S&P  500  ETF   T,78462F103,78462F,put,option_put,3218205315,0,1.165,1777574322,0,0,added,no,1,276293649404,5795,52
Millennium Management (Englander),1273087,2026-06-30,2026-08-14,10,QQQ,INVESCO  QQQ  TR,46090E103,46090E,call,option_call,3000609080,0,1.086,2288230110,0,0,added,yes,1,276293649404,5795,52
Millennium Management (Englander),1273087,2026-06-30,2026-08-14,11,SPCX,SPACE  EXPLORATION        TECHN   CORP,84615Q103,84615Q,long,common,2981723351,17604863,1.079,0,0,17604863,new,no,1,276293649404,5795,52
Millennium Management (Englander),1273087,2026-06-30,2026-08-14,12,AMD,ADVANCED   MICRO     DEVICES     INC,007903107,007903,put,option_put,2747588118,0,0.994,1073276337,0,0,added,no,1,276293649404,5795,52
Millennium Management (Englander),1273087,2026-06-30,2026-08-14,13,AAPL,APPLE   INC,037833100,037833,put,option_put,2634130888,0,0.953,2209673393,0,0,added,no,1,276293649404,5795,52
Millennium Management (Englander),1273087,2026-06-30,2026-08-14,14,AMZN,AMAZON   COM   INC,023135106,023135,put,option_put,2535031908,0,0.918,2277515758,0,0,added,no,1,276293649404,5795,52
Millennium Management (Englander),1273087,2026-06-30,2026-08-14,15,NVDA,NVIDIA  CORPORATION,67066G104,67066G,long,common,2432616985,12157614,0.88,1846136837,10585647,1571967,added,no,1,276293649404,5795,52
Millennium Management (Englander),1273087,2026-06-30,2026-08-14,16,MSFT,MICROSOFT      CORP,594918104,594918,put,option_put,2237112846,0,0.81,2546362413,0,0,trimmed,no,1,276293649404,5795,52
Millennium Management (Englander),1273087,2026-06-30,2026-08-14,17,GOOGL,ALPHABET     INC,02079K305,02079K,put,option_put,2166591362,0,0.784,1886422356,0,0,added,no,1,276293649404,5795,52
Millennium Management (Englander),1273087,2026-06-30,2026-08-14,18,META,META  PLATFORMS        INC,30303M102,30303M,put,option_put,1936928994,0,0.701,2069222571,0,0,trimmed,no,1,276293649404,5795,52
Millennium Management (Englander),1273087,2026-06-30,2026-08-14,19,NSC,NORFOLK   SOUTHN       CORP,655844108,655844,long,common,1636411612,5201728,0.592,1315632682,4584086,617642,added,no,1,276293649404,5795,52
Millennium Management (Englander),1273087,2026-06-30,2026-08-14,20,MSFT,MICROSOFT      CORP,594918104,594918,long,common,1581942010,4240904,0.573,1035801180,2798177,1442727,added,no,1,276293649404,5795,52
Millennium Management (Englander),1273087,2026-06-30,2026-08-14,21,WBD,WARNER   BROS    DISCOVERY     INC,934423104,934423,long,common,1537150949,57657575,0.556,1206575704,43939392,13718183,added,no,1,276293649404,5795,52
Millennium Management (Englander),1273087,2026-06-30,2026-08-14,22,NVDA,NVIDIA  CORPORATION,67066G104,67066G,call,option_call,1510239302,0,0.547,1286880160,0,0,added,no,1,276293649404,5795,52
Millennium Management (Englander),1273087,2026-06-30,2026-08-14,23,TSLA,TESLA  INC,88160R101,88160R,put,option_put,1474497420,0,0.534,1825218150,0,0,trimmed,no,1,276293649404,5795,52
Millennium Management (Englander),1273087,2026-06-30,2026-08-14,24,AAPL,APPLE   INC,037833100,037833,call,option_call,1401167928,0,0.507,1326078129,0,0,added,no,1,276293649404,5795,52
Millennium Management (Englander),1273087,2026-06-30,2026-08-14,25,SMH,VANECK  ETF  TRUST,92189F676,92189F,put,option_put,1389175020,0,0.503,324433080,0,0,added,yes,1,276293649404,5795,52
Millennium Management (Englander),1273087,2026-06-30,2026-08-14,26,AVGO,BROADCOM   INC,11135F101,11135F,put,option_put,1359673350,0,0.492,874489554,0,0,added,no,1,276293649404,5795,52
Millennium Management (Englander),1273087,2026-06-30,2026-08-14,27,VOO,VANGUARD  INDEX     FDS,922908363,922908,long,common,1253428937,1825001,0.454,607555377,1016744,808257,added,no,1,276293649404,5795,52
Millennium Management (Englander),1273087,2026-06-30,2026-08-14,28,XLE,SELECT  SECTOR  SPDR  TR,81369Y506,81369Y,put,option_put,1201210114,0,0.435,1401003948,0,0,trimmed,no,1,276293649404,5795,52
Millennium Management (Englander),1273087,2026-06-30,2026-08-14,29,MU,MICRON   TECHNOLOGY   INC,595112103,595112,call,option_call,1144940251,0,0.414,450205584,0,0,added,no,1,276293649404,5795,52
Millennium Management (Englander),1273087,2026-06-30,2026-08-14,30,MSFT,MICROSOFT      CORP,594918104,594918,call,option_call,1130810130,0,0.409,1029738906,0,0,added,no,1,276293649404,5795,52
Millennium Management (Englander),1273087,2026-06-30,2026-08-14,31,AMD,ADVANCED   MICRO     DEVICES     INC,007903107,007903,call,option_call,1106982096,0,0.401,313587345,0,0,added,no,1,276293649404,5795,52
Millennium Management (Englander),1273087,2026-06-30,2026-08-14,32,DIA,STATE  STR   SPDR   DOW  JONES   IND,78467X109,78467X,put,option_put,1069123374,0,0.387,319693738,0,0,added,yes,1,276293649404,5795,52
Millennium Management (Englander),1273087,2026-06-30,2026-08-14,33,HYG,ISHARES  TR,464288513,464288,put,option_put,1043600503,0,0.378,1345073184,0,0,trimmed,yes,1,276293649404,5795,52
Millennium Management (Englander),1273087,2026-06-30,2026-08-14,34,INTC,INTEL  CORP,458140100,458140,put,option_put,1033108407,0,0.374,344487606,0,0,added,no,1,276293649404,5795,52
Millennium Management (Englander),1273087,2026-06-30,2026-08-14,35,AMZN,AMAZON   COM   INC,023135106,023135,long,common,981185003,4116745,0.355,584590772,2806889,1309856,added,no,1,276293649404,5795,52
Millennium Management (Englander),1273087,2026-06-30,2026-08-14,36,WDC 3 11/15/28,WESTERN   DIGITAL      CORP,958102AT2,958102,long,convertible_note,979974730,58044000,0.355,1472082609,205553000,-147509000,trimmed,yes,1,276293649404,5795,52
Millennium Management (Englander),1273087,2026-06-30,2026-08-14,37,GOOG,ALPHABET     INC,02079K107,02079K,put,option_put,935087845,0,0.338,801917130,0,0,added,no,1,276293649404,5795,52
Millennium Management (Englander),1273087,2026-06-30,2026-08-14,38,AMZN,AMAZON   COM   INC,023135106,023135,call,option_call,929502166,0,0.336,935965380,0,0,trimmed,no,1,276293649404,5795,52
Millennium Management (Englander),1273087,2026-06-30,2026-08-14,39,META,META  PLATFORMS        INC,30303M102,30303M,call,option_call,892195031,0,0.323,855277137,0,0,added,no,1,276293649404,5795,52
Millennium Management (Englander),1273087,2026-06-30,2026-08-14,40,EA,ELECTRONIC   ARTS    INC,285512109,285512,long,common,889363460,4337512,0.322,871651893,4275528,61984,added,no,1,276293649404,5795,52
Millennium Management (Englander),1273087,2026-06-30,2026-08-14,41,EEM,ISHARES  TR,464287234,464287,put,option_put,868287084,0,0.314,959484087,0,0,trimmed,yes,1,276293649404,5795,52
Millennium Management (Englander),1273087,2026-06-30,2026-08-14,42,XLF,SELECT  SECTOR  SPDR  TR,81369Y605,81369Y,put,option_put,854452263,0,0.309,1420266286,0,0,trimmed,no,1,276293649404,5795,52
Millennium Management (Englander),1273087,2026-06-30,2026-08-14,43,SNDK,SANDISK     CORP,80004C200,80004C,long,common,832478491,366129,0.301,725745705,1142295,-776166,trimmed,no,1,276293649404,5795,52
Millennium Management (Englander),1273087,2026-06-30,2026-08-14,44,BE,BLOOM   ENERGY      CORP,093712107,093712,long,common,763548945,2522461,0.276,52456444,387161,2135300,added,no,1,276293649404,5795,52
Millennium Management (Englander),1273087,2026-06-30,2026-08-14,45,TSM,TAIWAN    SEMICONDUCTOR         MANUFAC,874039100,874039,long,common,760503959,1592445,0.275,754604162,2232887,-640442,trimmed,no,1,276293649404,5795,52
Millennium Management (Englander),1273087,2026-06-30,2026-08-14,46,META,META  PLATFORMS        INC,30303M102,30303M,long,common,731851153,1299244,0.265,1147058860,2004892,-705648,trimmed,no,1,276293649404,5795,52
Millennium Management (Englander),1273087,2026-06-30,2026-08-14,47,GOOGL,ALPHABET     INC,02079K305,02079K,call,option_call,722423455,0,0.261,666103984,0,0,added,no,1,276293649404,5795,52
Millennium Management (Englander),1273087,2026-06-30,2026-08-14,48,BRK/B,BERKSHIRE     HATHAWAY     INC    DEL,084670702,084670,put,option_put,722312965,0,0.261,725988000,0,0,trimmed,no,1,276293649404,5795,52
Millennium Management (Englander),1273087,2026-06-30,2026-08-14,49,FCX,FREEPORT    MCMORAN   INC,35671D857,35671D,long,common,720239549,11452370,0.261,744607053,12667694,-1215324,trimmed,no,1,276293649404,5795,52
Millennium Management (Englander),1273087,2026-06-30,2026-08-14,50,KVUE,KENVUE   INC,49177J102,49177J,long,common,705904787,36939026,0.255,548253774,31801263,5137763,added,no,1,276293649404,5795,52
Millennium Management (Englander),1273087,2026-06-30,2026-08-14,51,MRVL,MARVELL    TECHNOLOGY     INC,573874104,573874,put,option_put,694590113,0,0.251,273457240,0,0,added,no,1,276293649404,5795,52
Millennium Management (Englander),1273087,2026-06-30,2026-08-14,52,TSM,TAIWAN    SEMICONDUCTOR         MANUFAC,874039100,874039,put,option_put,690996033,0,0.25,564849630,0,0,added,no,1,276293649404,5795,52
